user_id,session_start_dttm
98049,2024-01-01 00:00:44
15055,2024-01-01 01:19:05
55194,2024-01-01 02:20:17
46050,2024-01-01 02:21:13
31834,2024-01-01 02:22:38
15628,2024-01-01 02:42:43
59006,2024-01-01 03:27:43
76257,2024-01-01 03:35:31
82582,2024-01-01 04:17:11
65807,2024-01-01 04:17:41
58033,2024-01-01 06:07:56
31790,2024-01-01 07:18:19
733,2024-01-01 07:35:05
41919,2024-01-01 07:53:02
10184,2024-01-01 08:00:52
20544,2024-01-01 08:04:02
25511,2024-01-01 09:06:08
77444,2024-01-01 09:18:02
78837,2024-01-01 09:52:49
16396,2024-01-01 09:56:20
10578,2024-01-01 10:14:14
20894,2024-01-01 10:21:58
97246,2024-01-01 10:34:10
99645,2024-01-01 11:04:08
43401,2024-01-01 11:07:28
99770,2024-01-01 11:13:52
16983,2024-01-01 11:15:02
20959,2024-01-01 11:30:41
79457,2024-01-01 11:35:14
36656,2024-01-01 11:37:12
55967,2024-01-01 11:46:43
16891,2024-01-01 11:48:34
38913,2024-01-01 12:34:33
36117,2024-01-01 12:54:16
53455,2024-01-01 13:02:09
94346,2024-01-01 13:05:02
9612,2024-01-01 13:21:13
7568,2024-01-01 13:33:52
83705,2024-01-01 13:39:38
16555,2024-01-01 13:40:06
61085,2024-01-01 13:50:31
47828,2024-01-01 13:51:55
6534,2024-01-01 14:03:38
21853,2024-01-01 14:07:11
84058,2024-01-01 14:08:34
83675,2024-01-01 14:09:25
92557,2024-01-01 14:11:21
98896,2024-01-01 14:18:53
67717,2024-01-01 14:45:01
36093,2024-01-01 15:00:43
21915,2024-01-01 15:02:06
57151,2024-01-01 15:13:54
52699,2024-01-01 15:36:29
94344,2024-01-01 15:41:14
72397,2024-01-01 15:59:37
36532,2024-01-01 16:02:30
52516,2024-01-01 16:12:04
52516,2024-01-01 16:16:35
49193,2024-01-01 16:23:51
96957,2024-01-01 16:37:09
36584,2024-01-01 16:41:05
508,2024-01-01 16:43:22
30210,2024-01-01 16:44:26
18292,2024-01-01 16:51:26
65803,2024-01-01 16:59:18
33868,2024-01-01 17:00:54
31228,2024-01-01 17:04:55
87216,2024-01-01 17:10:11
81461,2024-01-01 17:12:54
4411,2024-01-01 17:22:42
58531,2024-01-01 17:40:49
66911,2024-01-01 17:42:11
22752,2024-01-01 17:54:57
3648,2024-01-01 17:57:28
97549,2024-01-01 17:59:25
76412,2024-01-01 18:19:50
2658,2024-01-01 18:22:07
29121,2024-01-01 18:28:01
26642,2024-01-01 18:50:18
93549,2024-01-01 19:16:01
20894,2024-01-01 19:16:24
36784,2024-01-01 19:18:24
97339,2024-01-01 20:02:02
31643,2024-01-01 20:17:38
38038,2024-01-01 20:25:36
95497,2024-01-01 20:33:34
11339,2024-01-01 20:34:19
18204,2024-01-01 20:51:15
98837,2024-01-01 21:16:13
95049,2024-01-01 21:27:59
13470,2024-01-01 21:31:10
60374,2024-01-01 21:31:18
27798,2024-01-01 21:49:56
58033,2024-01-01 22:09:21
83966,2024-01-01 22:16:45
73184,2024-01-01 22:58:27
38573,2024-01-01 23:08:40
88837,2024-01-01 23:20:50
29463,2024-01-01 23:26:02
90286,2024-01-01 23:26:33
85703,2024-01-01 23:39:41
64278,2024-01-01 23:53:01
36474,2024-01-01 23:53:54
55721,2024-01-01 23:55:41
4104,2024-01-02 00:16:11
61286,2024-01-02 00:20:41
29981,2024-01-02 00:29:10
58874,2024-01-02 00:52:16
38379,2024-01-02 01:03:19
43473,2024-01-02 01:20:24
2724,2024-01-02 01:23:00
22008,2024-01-02 01:30:15
66392,2024-01-02 01:38:45
8556,2024-01-02 02:35:47
85733,2024-01-02 02:45:53
65801,2024-01-02 02:48:23
72208,2024-01-02 03:08:52
73657,2024-01-02 04:18:51
18049,2024-01-02 04:53:30
49311,2024-01-02 05:11:24
90976,2024-01-02 05:32:57
53462,2024-01-02 06:07:13
21157,2024-01-02 06:09:55
12628,2024-01-02 06:47:07
94344,2024-01-02 07:15:24
57072,2024-01-02 07:57:37
10991,2024-01-02 08:02:00
64608,2024-01-02 08:07:38
84235,2024-01-02 08:29:04
11724,2024-01-02 08:31:00
78874,2024-01-02 08:48:02
71168,2024-01-02 08:53:07
79711,2024-01-02 08:53:53
50554,2024-01-02 09:52:48
38792,2024-01-02 10:04:09
93913,2024-01-02 10:05:47
82810,2024-01-02 10:09:17
90887,2024-01-02 10:14:23
1381,2024-01-02 10:22:38
40743,2024-01-02 10:28:55
56946,2024-01-02 11:43:27
64012,2024-01-02 12:27:29
30925,2024-01-02 12:28:44
98244,2024-01-02 12:37:04
38381,2024-01-02 12:42:09
77677,2024-01-02 12:46:03
72802,2024-01-02 12:48:52
32959,2024-01-02 12:49:10
39723,2024-01-02 13:17:10
74072,2024-01-02 13:22:13
82148,2024-01-02 13:32:19
70185,2024-01-02 13:36:07
17409,2024-01-02 13:38:54
27813,2024-01-02 13:38:56
28825,2024-01-02 13:43:59
32692,2024-01-02 13:48:10
35305,2024-01-02 13:54:31
61875,2024-01-02 13:57:26
78799,2024-01-02 14:03:27
66916,2024-01-02 14:12:40
86507,2024-01-02 14:15:24
53525,2024-01-02 14:19:32
19632,2024-01-02 14:38:38
79341,2024-01-02 14:50:34
64514,2024-01-02 14:51:57
97853,2024-01-02 15:09:57
92619,2024-01-02 15:14:34
84479,2024-01-02 15:16:43
81275,2024-01-02 15:32:53
98423,2024-01-02 15:33:16
84895,2024-01-02 15:58:08
74072,2024-01-02 15:59:38
36108,2024-01-02 16:05:13
99282,2024-01-02 16:06:51
96957,2024-01-02 16:08:15
3339,2024-01-02 16:20:15
66392,2024-01-02 16:27:00
22856,2024-01-02 16:34:04
54676,2024-01-02 16:59:33
4418,2024-01-02 17:07:01
55472,2024-01-02 17:10:04
98271,2024-01-02 17:17:22
4522,2024-01-02 17:29:08
27813,2024-01-02 17:40:55
23403,2024-01-02 18:12:28
72952,2024-01-02 18:17:02
97837,2024-01-02 18:54:08
94344,2024-01-02 19:19:39
35516,2024-01-02 19:30:10
84568,2024-01-02 19:35:35
54072,2024-01-02 19:45:34
96301,2024-01-02 19:46:06
66662,2024-01-02 19:51:08
69981,2024-01-02 19:57:07
83028,2024-01-02 20:03:25
29006,2024-01-02 20:12:54
99127,2024-01-02 20:41:28
3192,2024-01-02 20:43:20
87386,2024-01-02 20:51:06
79654,2024-01-02 21:13:20
51757,2024-01-02 21:18:39
91681,2024-01-02 21:30:39
91018,2024-01-02 21:36:28
68071,2024-01-02 21:51:01
76091,2024-01-02 22:04:34
77659,2024-01-02 22:07:38
78530,2024-01-02 22:27:32
71348,2024-01-02 22:37:10
61581,2024-01-02 22:52:59
48694,2024-01-02 23:03:46
98502,2024-01-02 23:07:24
70287,2024-01-02 23:08:28
14108,2024-01-02 23:12:31
55338,2024-01-02 23:19:07
48126,2024-01-02 23:19:13
90973,2024-01-02 23:33:02
70339,2024-01-02 23:40:28
55472,2024-01-02 23:58:19
1714,2024-01-03 00:05:48
3823,2024-01-03 00:09:56
37526,2024-01-03 00:52:23
94267,2024-01-03 00:54:02
37708,2024-01-03 01:01:24
2314,2024-01-03 01:15:34
93122,2024-01-03 01:26:37
53462,2024-01-03 01:47:47
6466,2024-01-03 02:06:14
93003,2024-01-03 02:53:34
29121,2024-01-03 03:12:18
73184,2024-01-03 03:42:24
93549,2024-01-03 04:21:48
29060,2024-01-03 04:34:43
23962,2024-01-03 04:39:43
61052,2024-01-03 04:52:32
48126,2024-01-03 05:16:07
93549,2024-01-03 05:27:42
51463,2024-01-03 06:06:48
62680,2024-01-03 06:33:44
73887,2024-01-03 07:07:10
56976,2024-01-03 08:00:52
47735,2024-01-03 08:09:28
22856,2024-01-03 08:47:02
16263,2024-01-03 09:04:10
5166,2024-01-03 09:29:45
16396,2024-01-03 09:40:18
57022,2024-01-03 09:47:12
98837,2024-01-03 10:02:37
35680,2024-01-03 10:09:28
51757,2024-01-03 10:45:10
38913,2024-01-03 11:16:34
46810,2024-01-03 11:18:31
77601,2024-01-03 11:20:41
34032,2024-01-03 11:44:15
48867,2024-01-03 11:52:44
71392,2024-01-03 12:16:49
9284,2024-01-03 12:21:37
57649,2024-01-03 12:26:20
90612,2024-01-03 12:52:26
10119,2024-01-03 12:57:21
74497,2024-01-03 13:27:19
98429,2024-01-03 13:32:48
94310,2024-01-03 13:47:54
22603,2024-01-03 13:51:52
40167,2024-01-03 14:05:55
57683,2024-01-03 14:30:58
17094,2024-01-03 14:31:29
44161,2024-01-03 14:39:29
55472,2024-01-03 14:58:17
33872,2024-01-03 15:28:51
43249,2024-01-03 15:58:12
74204,2024-01-03 16:07:17
90973,2024-01-03 16:10:45
54676,2024-01-03 16:17:41
47896,2024-01-03 16:26:46
12902,2024-01-03 16:35:01
99160,2024-01-03 16:41:10
55967,2024-01-03 16:53:19
25676,2024-01-03 16:53:23
93397,2024-01-03 17:08:04
68604,2024-01-03 17:21:55
36784,2024-01-03 17:22:07
31713,2024-01-03 17:26:57
82280,2024-01-03 17:45:38
29280,2024-01-03 17:50:52
96046,2024-01-03 17:52:50
53819,2024-01-03 17:54:55
31598,2024-01-03 18:08:39
27857,2024-01-03 18:18:32
52725,2024-01-03 18:41:27
54771,2024-01-03 18:56:03
65807,2024-01-03 19:10:21
52569,2024-01-03 19:21:07
55905,2024-01-03 19:22:03
62680,2024-01-03 19:23:14
71481,2024-01-03 19:37:01
12862,2024-01-03 19:37:49
94346,2024-01-03 19:37:56
53968,2024-01-03 19:47:27
99645,2024-01-03 19:48:02
27798,2024-01-03 19:50:52
28227,2024-01-03 20:01:37
75647,2024-01-03 20:20:03
22752,2024-01-03 20:23:10
80698,2024-01-03 20:40:02
58213,2024-01-03 21:25:35
33801,2024-01-03 21:56:02
66060,2024-01-03 22:09:22
69949,2024-01-03 22:20:57
84895,2024-01-03 22:23:10
7079,2024-01-03 22:36:04
15790,2024-01-03 22:47:57
35323,2024-01-03 22:59:57
77444,2024-01-03 23:06:36
37802,2024-01-03 23:10:45
24897,2024-01-03 23:17:39
268,2024-01-03 23:32:32
88008,2024-01-03 23:44:28
12592,2024-01-03 23:55:50
52337,2024-01-04 00:14:51
56946,2024-01-04 01:30:13
75234,2024-01-04 01:42:53
37921,2024-01-04 01:52:03
74036,2024-01-04 01:53:15
2878,2024-01-04 02:12:43
29060,2024-01-04 02:16:22
14880,2024-01-04 02:32:32
30075,2024-01-04 02:51:57
13291,2024-01-04 03:02:50
61551,2024-01-04 03:13:48
81445,2024-01-04 03:59:47
55466,2024-01-04 04:03:00
30200,2024-01-04 04:26:59
99153,2024-01-04 04:35:35
95791,2024-01-04 05:45:11
42877,2024-01-04 06:09:37
39733,2024-01-04 06:25:17
56150,2024-01-04 06:42:30
23056,2024-01-04 06:47:03
31790,2024-01-04 07:15:18
67468,2024-01-04 07:18:27
64137,2024-01-04 07:24:40
49700,2024-01-04 07:39:00
95562,2024-01-04 07:45:26
75234,2024-01-04 07:49:07
61085,2024-01-04 07:54:07
58070,2024-01-04 08:14:29
66911,2024-01-04 08:15:45
67029,2024-01-04 08:19:24
85423,2024-01-04 08:24:21
41798,2024-01-04 08:26:45
83895,2024-01-04 08:28:31
13804,2024-01-04 08:29:49
65429,2024-01-04 08:35:27
4364,2024-01-04 08:40:20
3239,2024-01-04 08:44:07
27662,2024-01-04 08:51:15
55472,2024-01-04 09:02:56
10547,2024-01-04 09:08:48
4953,2024-01-04 09:14:58
50179,2024-01-04 09:22:07
71230,2024-01-04 09:35:13
15292,2024-01-04 09:46:10
56500,2024-01-04 09:51:49
8663,2024-01-04 09:59:30
12567,2024-01-04 10:03:40
55278,2024-01-04 10:07:08
78831,2024-01-04 10:12:23
98943,2024-01-04 10:22:47
16683,2024-01-04 10:55:44
58931,2024-01-04 11:14:15
55967,2024-01-04 11:22:55
11301,2024-01-04 11:24:02
49668,2024-01-04 11:29:59
78658,2024-01-04 11:30:43
27877,2024-01-04 11:50:14
32643,2024-01-04 11:51:33
97549,2024-01-04 12:06:47
19182,2024-01-04 12:37:55
55920,2024-01-04 12:51:37
40373,2024-01-04 12:59:55
5308,2024-01-04 13:05:45
16205,2024-01-04 13:20:04
48566,2024-01-04 13:40:33
64608,2024-01-04 14:17:07
79525,2024-01-04 14:20:06
98502,2024-01-04 14:34:28
21853,2024-01-04 14:49:23
38381,2024-01-04 14:52:13
99397,2024-01-04 15:08:39
80495,2024-01-04 15:18:01
32135,2024-01-04 15:21:06
23573,2024-01-04 15:25:17
19632,2024-01-04 15:27:22
69418,2024-01-04 15:31:53
28825,2024-01-04 15:43:15
23374,2024-01-04 16:11:56
76091,2024-01-04 16:14:09
97733,2024-01-04 16:15:54
74608,2024-01-04 16:26:31
16443,2024-01-04 16:28:04
53186,2024-01-04 16:49:18
84479,2024-01-04 16:54:49
17601,2024-01-04 17:24:57
23354,2024-01-04 17:31:32
76091,2024-01-04 17:45:32
69418,2024-01-04 17:53:43
55183,2024-01-04 17:59:18
1513,2024-01-04 18:20:03
24897,2024-01-04 18:30:13
18221,2024-01-04 18:34:00
60555,2024-01-04 18:46:40
28284,2024-01-04 19:25:19
48126,2024-01-04 19:25:34
9391,2024-01-04 19:36:56
3291,2024-01-04 19:46:14
38503,2024-01-04 19:54:26
85765,2024-01-04 20:02:55
71230,2024-01-04 20:24:43
52569,2024-01-04 20:31:44
67865,2024-01-04 20:31:59
5166,2024-01-04 20:52:50
57346,2024-01-04 21:02:56
55472,2024-01-04 21:24:40
64477,2024-01-04 21:26:08
28825,2024-01-04 21:28:52
43927,2024-01-04 21:37:24
65883,2024-01-04 21:40:18
19493,2024-01-04 21:40:27
86507,2024-01-04 22:05:03
90612,2024-01-04 22:09:02
16263,2024-01-04 22:25:40
19226,2024-01-04 22:50:22
65402,2024-01-04 22:54:46
32869,2024-01-04 23:07:25
62830,2024-01-04 23:12:57
79038,2024-01-04 23:15:31
83297,2024-01-04 23:33:33
75444,2024-01-04 23:48:01
69963,2024-01-04 23:49:02
16205,2024-01-04 23:50:08
86572,2024-01-04 23:52:38
65449,2024-01-04 23:56:22
91647,2024-01-05 02:55:19
87552,2024-01-05 03:01:26
36486,2024-01-05 03:01:32
77433,2024-01-05 03:23:32
37708,2024-01-05 03:39:54
52725,2024-01-05 03:47:02
49774,2024-01-05 04:09:50
4821,2024-01-05 04:26:12
26642,2024-01-05 04:55:14
37921,2024-01-05 05:12:54
94443,2024-01-05 05:17:58
95659,2024-01-05 05:26:22
74325,2024-01-05 05:31:26
52971,2024-01-05 05:43:10
94346,2024-01-05 06:03:35
44339,2024-01-05 07:10:05
77677,2024-01-05 07:23:38
57637,2024-01-05 07:36:18
51249,2024-01-05 07:54:13
47828,2024-01-05 08:04:21
99995,2024-01-05 08:43:09
76671,2024-01-05 08:45:14
93933,2024-01-05 08:51:37
34374,2024-01-05 09:06:25
47521,2024-01-05 09:09:25
16210,2024-01-05 09:15:20
81242,2024-01-05 09:28:01
22603,2024-01-05 09:31:49
13291,2024-01-05 09:49:24
61217,2024-01-05 10:10:51
64608,2024-01-05 10:14:31
88319,2024-01-05 10:18:22
85423,2024-01-05 10:45:54
78859,2024-01-05 10:47:57
31461,2024-01-05 10:48:22
10357,2024-01-05 10:54:32
72952,2024-01-05 11:09:14
47876,2024-01-05 11:21:07
24158,2024-01-05 11:21:55
40996,2024-01-05 11:23:27
83966,2024-01-05 11:24:35
2724,2024-01-05 11:41:34
40373,2024-01-05 11:56:39
58213,2024-01-05 12:12:25
15290,2024-01-05 12:23:38
41219,2024-01-05 12:46:17
33037,2024-01-05 12:49:45
6536,2024-01-05 13:01:20
26119,2024-01-05 13:13:58
38718,2024-01-05 13:17:40
44161,2024-01-05 13:24:55
74497,2024-01-05 14:13:53
64012,2024-01-05 14:30:33
32205,2024-01-05 14:30:41
36108,2024-01-05 14:32:42
80140,2024-01-05 14:34:22
92619,2024-01-05 14:54:29
87986,2024-01-05 14:57:25
49568,2024-01-05 15:21:34
2804,2024-01-05 15:45:15
58073,2024-01-05 15:51:22
47876,2024-01-05 15:51:50
97339,2024-01-05 16:02:34
90918,2024-01-05 16:10:00
43871,2024-01-05 16:11:45
60711,2024-01-05 16:15:44
14941,2024-01-05 16:35:06
48634,2024-01-05 16:37:47
3643,2024-01-05 16:46:16
89534,2024-01-05 16:46:19
41833,2024-01-05 16:49:17
39381,2024-01-05 17:11:11
76050,2024-01-05 17:20:06
72272,2024-01-05 17:24:00
61052,2024-01-05 17:29:18
90321,2024-01-05 17:31:10
44339,2024-01-05 17:52:45
13123,2024-01-05 17:59:39
52699,2024-01-05 18:15:10
58220,2024-01-05 18:18:52
74072,2024-01-05 18:30:31
66392,2024-01-05 18:31:54
85918,2024-01-05 18:40:29
9588,2024-01-05 18:45:21
84822,2024-01-05 18:52:09
41798,2024-01-05 18:59:17
74036,2024-01-05 18:59:40
79711,2024-01-05 19:05:36
21724,2024-01-05 19:06:31
77677,2024-01-05 19:06:43
10536,2024-01-05 19:17:09
36840,2024-01-05 19:20:54
11045,2024-01-05 19:45:11
46050,2024-01-05 20:19:42
21442,2024-01-05 20:41:24
47876,2024-01-05 20:58:22
28825,2024-01-05 21:00:04
71168,2024-01-05 21:02:01
43934,2024-01-05 21:06:12
84132,2024-01-05 21:13:02
98502,2024-01-05 21:26:03
90976,2024-01-05 21:32:22
29121,2024-01-05 21:45:56
61052,2024-01-05 22:17:01
78658,2024-01-05 22:45:28
62669,2024-01-05 22:48:15
90709,2024-01-05 22:52:15
23131,2024-01-05 22:52:38
27813,2024-01-05 22:59:22
69985,2024-01-05 23:00:21
59726,2024-01-05 23:00:32
27857,2024-01-05 23:22:14
67865,2024-01-05 23:29:39
68071,2024-01-05 23:35:59
56469,2024-01-05 23:36:44
9427,2024-01-05 23:53:39
18015,2024-01-06 00:49:26
95497,2024-01-06 00:58:04
11301,2024-01-06 01:01:19
51163,2024-01-06 01:20:01
96298,2024-01-06 01:22:12
23178,2024-01-06 01:28:29
57022,2024-01-06 02:18:38
39904,2024-01-06 02:20:51
95091,2024-01-06 03:52:39
38913,2024-01-06 04:05:01
48856,2024-01-06 04:31:39
57022,2024-01-06 04:32:52
26642,2024-01-06 04:48:29
17680,2024-01-06 04:55:21
55472,2024-01-06 05:19:11
33107,2024-01-06 05:33:14
42877,2024-01-06 06:06:50
30988,2024-01-06 06:56:07
77433,2024-01-06 07:03:24
45986,2024-01-06 07:44:58
44339,2024-01-06 07:59:54
70615,2024-01-06 08:16:10
12567,2024-01-06 08:22:17
4981,2024-01-06 08:35:45
9612,2024-01-06 08:43:08
93003,2024-01-06 08:43:08
6011,2024-01-06 08:47:34
59984,2024-01-06 08:53:24
68071,2024-01-06 08:54:24
19542,2024-01-06 09:20:39
55278,2024-01-06 09:33:16
54264,2024-01-06 09:53:11
52516,2024-01-06 09:58:01
1880,2024-01-06 10:24:10
77433,2024-01-06 10:29:00
49568,2024-01-06 10:35:57
13391,2024-01-06 11:06:07
7400,2024-01-06 11:18:18
94407,2024-01-06 11:31:49
3339,2024-01-06 11:43:32
52722,2024-01-06 11:55:46
52974,2024-01-06 11:59:15
72272,2024-01-06 12:42:59
10990,2024-01-06 13:02:30
76654,2024-01-06 13:05:18
38503,2024-01-06 13:12:24
17517,2024-01-06 13:22:05
87386,2024-01-06 14:05:30
25511,2024-01-06 14:10:46
64901,2024-01-06 14:15:25
59381,2024-01-06 14:15:58
79678,2024-01-06 14:21:37
10159,2024-01-06 14:34:57
75554,2024-01-06 14:38:00
79525,2024-01-06 14:50:27
3784,2024-01-06 15:15:03
81461,2024-01-06 15:28:59
22856,2024-01-06 15:40:38
97405,2024-01-06 16:12:04
14622,2024-01-06 16:14:06
3291,2024-01-06 16:17:41
99995,2024-01-06 16:18:30
36656,2024-01-06 16:29:04
56209,2024-01-06 16:30:19
21012,2024-01-06 16:36:42
21007,2024-01-06 16:45:13
98896,2024-01-06 16:48:31
35405,2024-01-06 16:54:34
11207,2024-01-06 17:06:56
77444,2024-01-06 17:07:38
97853,2024-01-06 17:11:00
36253,2024-01-06 17:28:05
2314,2024-01-06 17:29:21
34032,2024-01-06 17:46:34
84535,2024-01-06 17:53:31
65150,2024-01-06 18:19:30
34374,2024-01-06 18:40:39
90537,2024-01-06 18:51:10
28825,2024-01-06 18:57:27
30245,2024-01-06 19:02:11
56946,2024-01-06 19:12:49
27726,2024-01-06 19:14:11
71481,2024-01-06 19:21:23
5166,2024-01-06 19:27:05
39723,2024-01-06 19:29:48
55905,2024-01-06 19:32:00
65449,2024-01-06 19:46:18
3643,2024-01-06 19:54:45
61947,2024-01-06 19:56:26
88258,2024-01-06 20:09:45
23354,2024-01-06 20:10:25
46050,2024-01-06 20:14:44
676,2024-01-06 20:18:29
76671,2024-01-06 20:38:41
3291,2024-01-06 20:44:42
41798,2024-01-06 20:47:00
74036,2024-01-06 21:23:43
2863,2024-01-06 21:27:43
77677,2024-01-06 21:37:58
81445,2024-01-06 21:40:10
20144,2024-01-06 21:48:08
68630,2024-01-06 21:53:16
78837,2024-01-06 22:12:56
99160,2024-01-06 22:26:49
97733,2024-01-06 22:35:33
40549,2024-01-06 22:39:36
90887,2024-01-06 22:43:38
60555,2024-01-06 23:16:17
15398,2024-01-06 23:34:46
47521,2024-01-06 23:36:27
82190,2024-01-07 00:02:30
39733,2024-01-07 00:41:35
58531,2024-01-07 01:04:51
70669,2024-01-07 02:15:23
31335,2024-01-07 02:48:15
97512,2024-01-07 03:20:28
99847,2024-01-07 03:29:18
29379,2024-01-07 03:58:44
49568,2024-01-07 04:26:37
9926,2024-01-07 04:33:15
76048,2024-01-07 05:01:49
29006,2024-01-07 05:09:02
96317,2024-01-07 05:26:52
2314,2024-01-07 05:36:53
44973,2024-01-07 05:51:11
82330,2024-01-07 05:55:42
65150,2024-01-07 06:07:52
13804,2024-01-07 06:20:41
18204,2024-01-07 07:02:13
10884,2024-01-07 07:02:29
14948,2024-01-07 07:17:54
55905,2024-01-07 08:00:45
49500,2024-01-07 08:02:18
9612,2024-01-07 08:05:42
22752,2024-01-07 08:21:18
79272,2024-01-07 08:24:15
87744,2024-01-07 08:30:08
66916,2024-01-07 08:47:57
74497,2024-01-07 08:57:35
40257,2024-01-07 09:02:42
77206,2024-01-07 09:20:37
36154,2024-01-07 09:56:43
24787,2024-01-07 10:04:05
58220,2024-01-07 10:34:08
22288,2024-01-07 10:38:58
47260,2024-01-07 11:27:18
47581,2024-01-07 11:43:43
54340,2024-01-07 11:57:42
16186,2024-01-07 11:58:39
35955,2024-01-07 12:07:43
71423,2024-01-07 12:11:20
74204,2024-01-07 12:31:35
65883,2024-01-07 13:09:15
3823,2024-01-07 13:10:45
36154,2024-01-07 13:21:16
65850,2024-01-07 13:21:27
96834,2024-01-07 13:28:11
24725,2024-01-07 13:31:10
98362,2024-01-07 14:04:28
10536,2024-01-07 14:13:09
35305,2024-01-07 14:36:27
64608,2024-01-07 14:40:07
10149,2024-01-07 14:53:49
25667,2024-01-07 15:17:18
95492,2024-01-07 15:30:51
41833,2024-01-07 15:48:10
93933,2024-01-07 16:22:09
48130,2024-01-07 16:22:32
33872,2024-01-07 16:28:20
21456,2024-01-07 16:39:28
65850,2024-01-07 16:57:41
57958,2024-01-07 16:58:39
56651,2024-01-07 17:22:16
58531,2024-01-07 17:30:23
81242,2024-01-07 17:54:32
93911,2024-01-07 17:56:26
71739,2024-01-07 17:56:37
83846,2024-01-07 18:15:36
47876,2024-01-07 18:30:24
64514,2024-01-07 18:30:30
57675,2024-01-07 18:36:12
82330,2024-01-07 18:36:55
70331,2024-01-07 18:47:45
27074,2024-01-07 18:53:18
80252,2024-01-07 19:11:23
79654,2024-01-07 19:51:10
55920,2024-01-07 19:53:58
55338,2024-01-07 20:01:22
54264,2024-01-07 20:09:36
12942,2024-01-07 20:09:48
6331,2024-01-07 20:25:33
2844,2024-01-07 20:34:33
99725,2024-01-07 21:03:37
34499,2024-01-07 21:10:28
53525,2024-01-07 21:14:19
49513,2024-01-07 21:56:50
32692,2024-01-07 22:06:43
54072,2024-01-07 22:28:19
19182,2024-01-07 22:43:06
48566,2024-01-07 22:52:13
20544,2024-01-07 23:10:29
74497,2024-01-07 23:18:49
68071,2024-01-07 23:36:42
74986,2024-01-07 23:51:57
35305,2024-01-07 23:56:19
27813,2024-01-08 00:16:09
97708,2024-01-08 01:23:21
3548,2024-01-08 01:27:30
39129,2024-01-08 01:34:45
47581,2024-01-08 01:54:01
54949,2024-01-08 02:06:27
81224,2024-01-08 02:08:00
60986,2024-01-08 02:24:12
23351,2024-01-08 02:55:19
98423,2024-01-08 03:09:07
93859,2024-01-08 03:32:57
48126,2024-01-08 03:35:48
97837,2024-01-08 04:14:28
39921,2024-01-08 04:31:03
79654,2024-01-08 05:06:01
76050,2024-01-08 05:10:41
77077,2024-01-08 05:39:22
70526,2024-01-08 06:11:55
52974,2024-01-08 06:25:04
43210,2024-01-08 07:13:57
69751,2024-01-08 07:53:30
67478,2024-01-08 08:05:54
35405,2024-01-08 08:06:03
18390,2024-01-08 08:13:26
66392,2024-01-08 08:13:36
67478,2024-01-08 08:34:44
36516,2024-01-08 08:58:45
39921,2024-01-08 09:09:21
71739,2024-01-08 09:24:26
40318,2024-01-08 09:41:34
11314,2024-01-08 09:44:16
60303,2024-01-08 09:44:58
12902,2024-01-08 10:21:06
98423,2024-01-08 10:23:57
99160,2024-01-08 11:10:08
83676,2024-01-08 11:16:41
84479,2024-01-08 11:19:46
87552,2024-01-08 11:41:29
4096,2024-01-08 11:41:31
64437,2024-01-08 11:57:16
31643,2024-01-08 12:02:22
3823,2024-01-08 12:09:06
60711,2024-01-08 12:09:40
89157,2024-01-08 12:13:43
26119,2024-01-08 12:18:57
48307,2024-01-08 12:20:44
44707,2024-01-08 12:23:53
95710,2024-01-08 12:59:19
12711,2024-01-08 13:04:04
22968,2024-01-08 13:06:03
31305,2024-01-08 13:10:30
31305,2024-01-08 13:17:30
34499,2024-01-08 13:19:04
37921,2024-01-08 13:45:51
5577,2024-01-08 13:57:22
32135,2024-01-08 14:16:42
76048,2024-01-08 14:18:18
93549,2024-01-08 14:20:25
48307,2024-01-08 14:27:43
6871,2024-01-08 14:48:34
2844,2024-01-08 15:01:09
28227,2024-01-08 15:18:44
87251,2024-01-08 15:21:16
14941,2024-01-08 15:24:31
27686,2024-01-08 15:36:23
99282,2024-01-08 15:38:20
27518,2024-01-08 15:39:44
38503,2024-01-08 15:40:51
37921,2024-01-08 16:14:49
90976,2024-01-08 16:19:01
91795,2024-01-08 16:32:48
2253,2024-01-08 16:36:18
81461,2024-01-08 16:43:33
43979,2024-01-08 16:59:25
99127,2024-01-08 17:12:20
36656,2024-01-08 17:16:17
42652,2024-01-08 17:21:20
98362,2024-01-08 17:35:19
75234,2024-01-08 17:40:50
68558,2024-01-08 17:45:51
28720,2024-01-08 17:55:37
35374,2024-01-08 18:11:55
45131,2024-01-08 18:25:00
45248,2024-01-08 19:10:00
57958,2024-01-08 19:20:53
38290,2024-01-08 19:28:12
71739,2024-01-08 19:35:52
36532,2024-01-08 19:35:59
2599,2024-01-08 19:49:29
34768,2024-01-08 19:51:14
68358,2024-01-08 19:57:39
22856,2024-01-08 20:02:00
48566,2024-01-08 20:23:00
66101,2024-01-08 20:23:14
21334,2024-01-08 20:29:49
37921,2024-01-08 21:00:00
91354,2024-01-08 21:01:57
19377,2024-01-08 21:16:00
23573,2024-01-08 21:16:28
54607,2024-01-08 21:29:23
2844,2024-01-08 21:49:25
51757,2024-01-08 22:06:40
3097,2024-01-08 22:15:12
82684,2024-01-08 22:36:04
1381,2024-01-08 22:39:32
32565,2024-01-08 22:48:08
57649,2024-01-08 22:58:32
84132,2024-01-08 23:06:42
63973,2024-01-08 23:08:09
31659,2024-01-08 23:27:14
59726,2024-01-08 23:29:10
5577,2024-01-08 23:39:34
79678,2024-01-08 23:51:38
49427,2024-01-09 00:12:21
77148,2024-01-09 00:18:05
92619,2024-01-09 00:23:49
30672,2024-01-09 00:43:23
79525,2024-01-09 00:46:53
37135,2024-01-09 01:33:19
14001,2024-01-09 02:08:19
78363,2024-01-09 02:20:53
21853,2024-01-09 02:58:09
93397,2024-01-09 05:25:10
63001,2024-01-09 05:43:28
31305,2024-01-09 06:07:27
79654,2024-01-09 06:10:41
69117,2024-01-09 06:11:14
74072,2024-01-09 06:18:35
56146,2024-01-09 06:39:55
96949,2024-01-09 06:40:33
64228,2024-01-09 06:49:20
60545,2024-01-09 07:05:52
27289,2024-01-09 07:31:54
99160,2024-01-09 07:47:33
38381,2024-01-09 07:48:07
27162,2024-01-09 07:59:27
52722,2024-01-09 08:08:01
68071,2024-01-09 08:24:16
46285,2024-01-09 08:37:56
47545,2024-01-09 08:44:23
48459,2024-01-09 08:55:40
414,2024-01-09 09:14:06
17050,2024-01-09 09:18:20
60297,2024-01-09 09:41:43
68071,2024-01-09 09:48:12
24246,2024-01-09 10:16:01
36303,2024-01-09 10:31:17
61217,2024-01-09 10:44:23
61947,2024-01-09 10:45:08
99413,2024-01-09 10:55:58
69949,2024-01-09 11:58:05
94311,2024-01-09 12:10:35
78363,2024-01-09 12:12:35
19150,2024-01-09 12:12:41
31063,2024-01-09 12:46:08
25876,2024-01-09 12:49:53
55721,2024-01-09 13:05:31
18407,2024-01-09 13:16:57
87986,2024-01-09 13:30:35
34610,2024-01-09 13:33:50
82815,2024-01-09 13:49:00
54676,2024-01-09 13:57:37
67215,2024-01-09 14:06:44
36474,2024-01-09 14:11:06
60986,2024-01-09 14:11:25
49513,2024-01-09 14:12:24
22265,2024-01-09 14:39:31
68590,2024-01-09 14:44:39
53575,2024-01-09 14:51:03
98423,2024-01-09 14:53:08
56406,2024-01-09 14:55:49
47417,2024-01-09 15:15:13
2208,2024-01-09 15:15:51
67975,2024-01-09 15:22:28
1381,2024-01-09 15:33:07
36040,2024-01-09 15:36:56
64373,2024-01-09 15:44:38
13467,2024-01-09 16:08:37
99047,2024-01-09 16:08:48
98741,2024-01-09 16:16:16
4657,2024-01-09 16:19:08
4145,2024-01-09 16:27:12
94311,2024-01-09 16:33:42
30796,2024-01-09 16:54:14
45943,2024-01-09 16:57:35
58073,2024-01-09 17:17:54
14880,2024-01-09 17:20:06
28227,2024-01-09 17:42:16
97253,2024-01-09 17:46:21
19542,2024-01-09 18:23:55
97733,2024-01-09 18:26:24
64228,2024-01-09 18:38:00
99047,2024-01-09 18:43:56
21244,2024-01-09 18:47:49
81934,2024-01-09 18:51:53
16681,2024-01-09 19:06:04
31626,2024-01-09 19:09:32
56209,2024-01-09 19:17:16
46979,2024-01-09 19:18:07
99047,2024-01-09 19:26:34
41833,2024-01-09 19:35:51
12902,2024-01-09 19:36:37
3643,2024-01-09 19:58:24
49774,2024-01-09 19:58:49
21380,2024-01-09 20:01:34
49193,2024-01-09 20:23:00
64900,2024-01-09 20:33:28
41833,2024-01-09 21:01:28
65803,2024-01-09 21:14:07
28227,2024-01-09 21:15:11
29121,2024-01-09 21:30:24
63667,2024-01-09 21:35:05
94267,2024-01-09 21:35:14
77444,2024-01-09 21:43:58
9915,2024-01-09 21:51:53
95058,2024-01-09 22:08:10
59381,2024-01-09 22:10:25
17601,2024-01-09 22:24:05
25188,2024-01-09 23:10:37
60545,2024-01-09 23:17:39
44219,2024-01-09 23:21:03
28284,2024-01-09 23:48:18
81445,2024-01-09 23:59:23
25511,2024-01-10 00:54:51
65519,2024-01-10 01:08:44
31767,2024-01-10 01:51:40
1190,2024-01-10 02:12:37
16396,2024-01-10 02:52:12
78799,2024-01-10 02:54:56
38956,2024-01-10 04:00:36
44973,2024-01-10 05:33:13
2863,2024-01-10 05:45:04
54846,2024-01-10 06:35:50
17430,2024-01-10 06:41:38
57958,2024-01-10 06:51:14
58661,2024-01-10 07:28:46
49700,2024-01-10 07:30:11
88664,2024-01-10 07:41:07
51235,2024-01-10 07:55:10
55967,2024-01-10 07:56:40
77444,2024-01-10 08:05:53
31335,2024-01-10 08:27:15
79654,2024-01-10 08:28:28
56500,2024-01-10 08:32:46
21442,2024-01-10 08:36:08
53462,2024-01-10 08:38:22
25188,2024-01-10 08:39:26
10778,2024-01-10 08:45:42
99725,2024-01-10 08:53:28
91018,2024-01-10 08:53:38
79217,2024-01-10 09:06:52
24716,2024-01-10 09:09:32
81289,2024-01-10 09:10:56
78799,2024-01-10 09:11:59
75234,2024-01-10 09:13:20
1675,2024-01-10 09:16:33
5577,2024-01-10 09:32:49
81445,2024-01-10 10:04:17
34613,2024-01-10 10:11:50
44161,2024-01-10 10:15:42
804,2024-01-10 10:18:30
30925,2024-01-10 10:28:29
75638,2024-01-10 10:29:49
4990,2024-01-10 10:36:46
33868,2024-01-10 10:37:35
34613,2024-01-10 11:00:40
3097,2024-01-10 11:10:50
79301,2024-01-10 11:16:41
90286,2024-01-10 11:18:46
46050,2024-01-10 11:27:31
45248,2024-01-10 11:54:16
4145,2024-01-10 11:54:23
23374,2024-01-10 12:06:39
52314,2024-01-10 12:42:17
88366,2024-01-10 13:24:20
49500,2024-01-10 13:40:44
99082,2024-01-10 14:22:32
86527,2024-01-10 14:58:33
33107,2024-01-10 15:20:12
2314,2024-01-10 15:42:09
42531,2024-01-10 15:55:29
32707,2024-01-10 16:06:07
53819,2024-01-10 16:10:21
4987,2024-01-10 16:39:04
28803,2024-01-10 16:43:40
72272,2024-01-10 17:02:13
75554,2024-01-10 17:02:54
63394,2024-01-10 17:07:42
86278,2024-01-10 17:13:46
75554,2024-01-10 17:24:29
46676,2024-01-10 17:41:43
73657,2024-01-10 18:18:46
18925,2024-01-10 18:31:17
82280,2024-01-10 18:31:25
45248,2024-01-10 18:34:27
86112,2024-01-10 18:39:24
75423,2024-01-10 19:19:36
79341,2024-01-10 19:25:28
31598,2024-01-10 19:29:10
25511,2024-01-10 19:52:19
35305,2024-01-10 19:53:05
52516,2024-01-10 20:02:38
36784,2024-01-10 20:08:17
27798,2024-01-10 20:31:34
81117,2024-01-10 20:43:26
47260,2024-01-10 21:05:59
49568,2024-01-10 21:08:41
77148,2024-01-10 21:14:35
74986,2024-01-10 21:18:04
78363,2024-01-10 21:18:24
74778,2024-01-10 21:27:34
82706,2024-01-10 21:38:15
63943,2024-01-10 21:39:19
27857,2024-01-10 21:45:41
61001,2024-01-10 21:46:49
10884,2024-01-10 21:54:07
44219,2024-01-10 22:12:42
35680,2024-01-10 22:17:38
74497,2024-01-10 22:34:13
30988,2024-01-10 22:43:59
58073,2024-01-10 23:14:32
138,2024-01-10 23:27:30
23374,2024-01-10 23:45:24
60418,2024-01-10 23:59:05
3339,2024-01-11 01:01:15
35516,2024-01-11 01:28:03
27855,2024-01-11 01:38:25
50172,2024-01-11 01:39:06
28803,2024-01-11 01:42:42
49427,2024-01-11 03:11:29
29006,2024-01-11 03:33:44
54340,2024-01-11 04:26:59
53455,2024-01-11 04:47:02
16432,2024-01-11 04:50:00
23912,2024-01-11 05:13:17
17050,2024-01-11 05:25:28
39007,2024-01-11 06:26:57
96625,2024-01-11 06:32:30
15276,2024-01-11 06:37:09
505,2024-01-11 07:11:14
30356,2024-01-11 07:14:42
3418,2024-01-11 07:21:23
46979,2024-01-11 07:49:20
6536,2024-01-11 08:09:41
30210,2024-01-11 08:50:56
61052,2024-01-11 09:24:34
91757,2024-01-11 09:56:06
84217,2024-01-11 09:57:04
96873,2024-01-11 10:00:07
94323,2024-01-11 10:06:40
505,2024-01-11 10:21:36
43210,2024-01-11 10:21:38
84308,2024-01-11 10:47:57
91613,2024-01-11 11:00:47
10884,2024-01-11 11:06:07
5166,2024-01-11 11:06:44
12862,2024-01-11 11:36:16
14640,2024-01-11 11:49:38
6536,2024-01-11 12:05:49
31643,2024-01-11 12:15:13
69881,2024-01-11 12:17:33
18407,2024-01-11 12:28:11
25511,2024-01-11 12:36:31
78874,2024-01-11 12:41:59
39877,2024-01-11 12:44:01
78831,2024-01-11 12:48:28
38038,2024-01-11 12:48:39
28813,2024-01-11 12:54:59
31228,2024-01-11 13:05:39
50460,2024-01-11 13:06:03
3311,2024-01-11 13:47:04
66392,2024-01-11 14:16:07
87386,2024-01-11 14:22:20
54182,2024-01-11 14:24:16
6011,2024-01-11 14:37:17
22603,2024-01-11 14:42:22
60418,2024-01-11 14:43:52
86527,2024-01-11 14:55:11
19542,2024-01-11 14:57:29
31598,2024-01-11 15:20:11
91757,2024-01-11 15:22:50
48566,2024-01-11 15:26:18
74325,2024-01-11 15:32:39
12185,2024-01-11 15:37:33
56150,2024-01-11 15:39:50
50460,2024-01-11 15:50:36
22968,2024-01-11 16:03:12
30358,2024-01-11 16:04:57
1675,2024-01-11 16:12:37
16210,2024-01-11 16:30:38
35713,2024-01-11 16:42:07
17943,2024-01-11 17:14:15
42384,2024-01-11 17:16:05
35405,2024-01-11 17:33:33
97549,2024-01-11 17:41:56
79711,2024-01-11 18:09:17
66392,2024-01-11 18:23:12
21456,2024-01-11 18:26:25
80140,2024-01-11 18:38:47
95482,2024-01-11 18:48:59
73184,2024-01-11 19:25:12
55920,2024-01-11 19:25:22
91613,2024-01-11 19:31:25
98943,2024-01-11 19:45:22
93003,2024-01-11 19:48:40
6331,2024-01-11 19:55:36
43979,2024-01-11 20:03:00
36543,2024-01-11 20:31:32
6871,2024-01-11 20:40:56
71230,2024-01-11 20:42:46
93913,2024-01-11 20:43:53
91018,2024-01-11 20:44:52
34499,2024-01-11 20:50:32
98943,2024-01-11 20:59:53
21007,2024-01-11 21:04:02
31626,2024-01-11 21:35:27
28720,2024-01-11 22:00:20
89157,2024-01-11 22:25:32
37046,2024-01-11 22:36:49
19150,2024-01-11 22:51:18
21157,2024-01-11 23:17:52
32327,2024-01-11 23:21:08
71910,2024-01-11 23:44:09
82706,2024-01-11 23:49:55
57147,2024-01-11 23:50:50
74724,2024-01-12 00:17:52
52516,2024-01-12 00:19:31
68630,2024-01-12 01:01:09
4990,2024-01-12 01:08:25
93122,2024-01-12 01:35:22
96524,2024-01-12 01:37:11
19915,2024-01-12 01:38:43
12902,2024-01-12 01:44:08
11045,2024-01-12 01:57:12
46979,2024-01-12 01:58:55
18292,2024-01-12 03:11:52
10357,2024-01-12 03:42:21
15398,2024-01-12 04:13:09
44686,2024-01-12 04:44:07
4522,2024-01-12 04:49:41
87986,2024-01-12 05:52:30
34032,2024-01-12 06:17:50
16544,2024-01-12 06:44:11
29463,2024-01-12 06:46:49
38290,2024-01-12 07:11:54
42312,2024-01-12 07:14:42
37046,2024-01-12 07:35:28
37046,2024-01-12 08:04:39
70850,2024-01-12 08:32:13
68124,2024-01-12 08:33:53
35405,2024-01-12 08:46:21
95492,2024-01-12 08:49:15
93859,2024-01-12 08:49:20
49700,2024-01-12 09:00:11
86572,2024-01-12 09:03:27
74724,2024-01-12 09:13:43
84479,2024-01-12 09:46:28
36233,2024-01-12 09:54:08
4953,2024-01-12 09:54:37
84821,2024-01-12 10:08:49
31838,2024-01-12 10:13:39
68248,2024-01-12 10:18:42
39723,2024-01-12 10:27:56
65467,2024-01-12 10:37:06
38381,2024-01-12 10:37:24
85765,2024-01-12 10:38:47
82760,2024-01-12 11:18:18
821,2024-01-12 11:43:48
15917,2024-01-12 12:00:31
46526,2024-01-12 12:04:00
30672,2024-01-12 12:06:08
93003,2024-01-12 13:10:56
58874,2024-01-12 13:18:54
40848,2024-01-12 13:26:22
98943,2024-01-12 13:28:39
42654,2024-01-12 13:35:33
84143,2024-01-12 13:36:24
11314,2024-01-12 13:43:37
17517,2024-01-12 13:55:51
43329,2024-01-12 13:56:12
64664,2024-01-12 14:01:26
98789,2024-01-12 14:08:54
82810,2024-01-12 14:25:32
39129,2024-01-12 14:37:56
52170,2024-01-12 14:49:41
12080,2024-01-12 14:58:51
62669,2024-01-12 15:09:01
91795,2024-01-12 15:12:25
821,2024-01-12 15:19:32
58874,2024-01-12 15:58:26
56221,2024-01-12 16:04:18
74338,2024-01-12 16:04:44
74338,2024-01-12 16:35:10
505,2024-01-12 16:49:39
61038,2024-01-12 16:57:55
21981,2024-01-12 17:00:00
9778,2024-01-12 17:02:52
82810,2024-01-12 17:09:57
98502,2024-01-12 17:19:46
61184,2024-01-12 17:27:22
3249,2024-01-12 17:35:28
14141,2024-01-12 17:51:52
28158,2024-01-12 17:56:51
81127,2024-01-12 18:15:35
71933,2024-01-12 19:00:22
78799,2024-01-12 19:19:04
48694,2024-01-12 19:28:11
60303,2024-01-12 19:38:11
75647,2024-01-12 19:50:11
55721,2024-01-12 20:03:25
1722,2024-01-12 20:16:23
99725,2024-01-12 20:30:53
25188,2024-01-12 20:31:30
91354,2024-01-12 20:48:13
19150,2024-01-12 20:52:41
32596,2024-01-12 21:27:19
37526,2024-01-12 21:43:46
71481,2024-01-12 21:46:25
23374,2024-01-12 21:54:37
79301,2024-01-12 21:57:37
60653,2024-01-12 22:11:14
30210,2024-01-12 22:13:25
43210,2024-01-12 22:26:31
70850,2024-01-12 22:44:50
93401,2024-01-12 23:13:41
25511,2024-01-12 23:14:12
99054,2024-01-12 23:18:27
71285,2024-01-12 23:34:52
52919,2024-01-12 23:56:40
15917,2024-01-12 23:57:42
53455,2024-01-13 00:03:47
47521,2024-01-13 01:02:36
86265,2024-01-13 03:12:43
59959,2024-01-13 03:31:47
56406,2024-01-13 03:41:03
3823,2024-01-13 04:03:05
49568,2024-01-13 04:17:53
43927,2024-01-13 04:26:51
90286,2024-01-13 04:28:16
71392,2024-01-13 04:31:54
67865,2024-01-13 04:32:18
59959,2024-01-13 04:39:55
37921,2024-01-13 04:47:30
98429,2024-01-13 04:55:38
82330,2024-01-13 05:17:29
33037,2024-01-13 06:02:05
31305,2024-01-13 07:04:18
63973,2024-01-13 07:16:25
79711,2024-01-13 08:03:33
61217,2024-01-13 08:08:02
79341,2024-01-13 08:28:38
94407,2024-01-13 08:35:29
74473,2024-01-13 08:46:22
5577,2024-01-13 08:55:16
43401,2024-01-13 08:59:29
98741,2024-01-13 09:00:15
38372,2024-01-13 09:03:24
46619,2024-01-13 09:11:40
31838,2024-01-13 09:16:13
13291,2024-01-13 09:20:44
74124,2024-01-13 09:29:04
68641,2024-01-13 09:30:52
13000,2024-01-13 09:46:41
41812,2024-01-13 09:50:15
98789,2024-01-13 10:45:02
42384,2024-01-13 10:52:08
36516,2024-01-13 11:04:26
7079,2024-01-13 11:06:37
88501,2024-01-13 11:44:27
57346,2024-01-13 11:45:37
13470,2024-01-13 11:46:23
93933,2024-01-13 12:05:34
30925,2024-01-13 12:07:56
19632,2024-01-13 12:11:31
2863,2024-01-13 12:21:53
60049,2024-01-13 12:22:16
60315,2024-01-13 12:22:58
97339,2024-01-13 12:30:20
91613,2024-01-13 12:41:45
70615,2024-01-13 12:55:44
76257,2024-01-13 12:59:53
4529,2024-01-13 13:09:43
3487,2024-01-13 13:18:58
10884,2024-01-13 13:19:36
60986,2024-01-13 14:05:45
20544,2024-01-13 14:10:41
13470,2024-01-13 14:11:53
21380,2024-01-13 14:11:53
35405,2024-01-13 14:21:09
33462,2024-01-13 14:47:02
17699,2024-01-13 14:49:59
4145,2024-01-13 14:50:50
36840,2024-01-13 15:01:17
20544,2024-01-13 15:01:33
27686,2024-01-13 15:05:52
79301,2024-01-13 15:21:40
52314,2024-01-13 15:42:15
98316,2024-01-13 15:44:32
7878,2024-01-13 15:44:37
66060,2024-01-13 15:54:40
38803,2024-01-13 15:56:46
79301,2024-01-13 16:02:09
89534,2024-01-13 16:02:46
20959,2024-01-13 16:08:54
35098,2024-01-13 16:15:49
74778,2024-01-13 16:26:46
53573,2024-01-13 16:31:31
30424,2024-01-13 16:34:19
28284,2024-01-13 16:37:33
85737,2024-01-13 16:42:46
49844,2024-01-13 16:46:11
49568,2024-01-13 16:47:14
20527,2024-01-13 16:48:53
48490,2024-01-13 17:12:42
38913,2024-01-13 17:27:26
40167,2024-01-13 17:32:46
35680,2024-01-13 17:36:26
3643,2024-01-13 17:54:12
11575,2024-01-13 17:58:32
69985,2024-01-13 18:17:41
14622,2024-01-13 18:21:50
34613,2024-01-13 18:46:30
68630,2024-01-13 18:59:24
50886,2024-01-13 19:03:59
49500,2024-01-13 19:07:11
77176,2024-01-13 19:24:35
75647,2024-01-13 19:27:15
29847,2024-01-13 19:45:36
64608,2024-01-13 19:48:58
27146,2024-01-13 19:53:22
98049,2024-01-13 19:55:44
55338,2024-01-13 19:56:26
86297,2024-01-13 20:03:26
16443,2024-01-13 20:43:32
93859,2024-01-13 21:02:18
74804,2024-01-13 21:05:35
24828,2024-01-13 21:06:16
96317,2024-01-13 21:25:02
65807,2024-01-13 21:49:43
36154,2024-01-13 21:51:22
6536,2024-01-13 21:53:16
72208,2024-01-13 21:55:56
48307,2024-01-13 22:07:09
98502,2024-01-13 22:10:29
75050,2024-01-13 22:15:50
97549,2024-01-13 22:17:10
21785,2024-01-13 22:22:28
62680,2024-01-13 22:55:44
6011,2024-01-13 23:07:44
35886,2024-01-13 23:14:25
65519,2024-01-13 23:32:20
72894,2024-01-13 23:44:37
2253,2024-01-14 00:51:21
13401,2024-01-14 01:26:52
93122,2024-01-14 02:09:51
61217,2024-01-14 02:31:42
57683,2024-01-14 02:56:02
36108,2024-01-14 03:22:52
97837,2024-01-14 03:23:35
80140,2024-01-14 03:42:33
35193,2024-01-14 04:09:50
25503,2024-01-14 04:33:47
33037,2024-01-14 04:40:25
15917,2024-01-14 05:39:11
69414,2024-01-14 05:53:07
37965,2024-01-14 06:38:01
99413,2024-01-14 07:17:25
29280,2024-01-14 07:46:38
9876,2024-01-14 07:53:12
79301,2024-01-14 08:01:00
66662,2024-01-14 08:06:46
54846,2024-01-14 08:13:41
55466,2024-01-14 08:35:26
60072,2024-01-14 08:46:30
54182,2024-01-14 09:32:24
54340,2024-01-14 09:47:48
68590,2024-01-14 09:53:28
68140,2024-01-14 09:54:31
53476,2024-01-14 10:07:44
73533,2024-01-14 10:15:43
18047,2024-01-14 10:16:52
17236,2024-01-14 10:19:22
61038,2024-01-14 10:33:10
79301,2024-01-14 10:37:50
90977,2024-01-14 11:06:19
84822,2024-01-14 11:15:45
29280,2024-01-14 11:21:57
57016,2024-01-14 11:25:06
37135,2024-01-14 11:31:06
48826,2024-01-14 11:46:02
43934,2024-01-14 11:49:43
24803,2024-01-14 11:50:57
71230,2024-01-14 12:10:31
27074,2024-01-14 12:27:21
99641,2024-01-14 12:29:55
6466,2024-01-14 12:50:51
804,2024-01-14 13:15:15
25511,2024-01-14 13:20:58
6536,2024-01-14 13:30:53
34168,2024-01-14 13:32:37
98896,2024-01-14 13:54:15
88266,2024-01-14 14:11:13
46050,2024-01-14 14:18:44
2468,2024-01-14 14:40:44
36711,2024-01-14 14:43:22
24703,2024-01-14 14:57:05
23374,2024-01-14 15:04:29
505,2024-01-14 15:10:12
43040,2024-01-14 15:20:27
36270,2024-01-14 15:55:06
97569,2024-01-14 15:59:59
9741,2024-01-14 16:07:36
61979,2024-01-14 16:12:29
68641,2024-01-14 16:55:56
26246,2024-01-14 17:10:05
47260,2024-01-14 17:24:26
66986,2024-01-14 17:46:25
34613,2024-01-14 18:00:54
82280,2024-01-14 18:03:37
9363,2024-01-14 18:23:25
5000,2024-01-14 18:41:54
99082,2024-01-14 18:57:09
7474,2024-01-14 19:24:52
66903,2024-01-14 19:24:52
36486,2024-01-14 19:32:06
59007,2024-01-14 19:39:50
59307,2024-01-14 19:55:17
51235,2024-01-14 19:59:55
12080,2024-01-14 20:08:41
18221,2024-01-14 21:05:55
32205,2024-01-14 21:07:46
62603,2024-01-14 21:08:44
34032,2024-01-14 21:33:51
19150,2024-01-14 21:45:44
36584,2024-01-14 21:49:28
25511,2024-01-14 21:50:45
35374,2024-01-14 22:16:53
18925,2024-01-14 22:18:10
40072,2024-01-14 22:24:16
91354,2024-01-14 22:36:54
79654,2024-01-14 22:45:31
89534,2024-01-14 22:52:00
99641,2024-01-14 22:52:43
60711,2024-01-14 23:00:01
37526,2024-01-14 23:21:40
27686,2024-01-14 23:28:13
82216,2024-01-14 23:33:22
2468,2024-01-14 23:41:41
31093,2024-01-15 00:42:33
84051,2024-01-15 00:45:23
82280,2024-01-15 00:50:45
29280,2024-01-15 01:04:47
14303,2024-01-15 01:07:11
7124,2024-01-15 01:42:20
13278,2024-01-15 01:48:24
91613,2024-01-15 02:24:01
69981,2024-01-15 02:32:54
16443,2024-01-15 03:10:49
94323,2024-01-15 03:30:36
8000,2024-01-15 03:40:30
98316,2024-01-15 03:46:29
22000,2024-01-15 03:48:43
32707,2024-01-15 04:22:01
56500,2024-01-15 04:26:38
98122,2024-01-15 04:28:45
51235,2024-01-15 04:30:10
98741,2024-01-15 04:30:43
4364,2024-01-15 05:08:21
31012,2024-01-15 06:01:14
62680,2024-01-15 06:12:37
84132,2024-01-15 06:50:59
2208,2024-01-15 07:15:29
36474,2024-01-15 07:27:51
50886,2024-01-15 08:06:44
72272,2024-01-15 08:07:25
68590,2024-01-15 08:10:06
23131,2024-01-15 08:14:27
27587,2024-01-15 08:18:34
98122,2024-01-15 08:18:40
47260,2024-01-15 08:20:02
83297,2024-01-15 08:21:41
48126,2024-01-15 08:25:32
508,2024-01-15 08:32:42
16326,2024-01-15 09:03:24
31093,2024-01-15 09:24:40
82760,2024-01-15 09:33:09
52558,2024-01-15 09:53:18
55877,2024-01-15 09:58:59
59852,2024-01-15 10:08:07
71701,2024-01-15 10:24:17
60315,2024-01-15 10:31:04
28227,2024-01-15 10:31:16
9926,2024-01-15 10:39:59
88608,2024-01-15 10:48:51
43072,2024-01-15 11:01:37
14774,2024-01-15 11:13:55
65732,2024-01-15 11:25:36
16326,2024-01-15 11:54:09
86265,2024-01-15 11:59:02
70071,2024-01-15 12:00:46
11109,2024-01-15 12:12:19
82801,2024-01-15 12:28:02
54607,2024-01-15 12:29:16
49311,2024-01-15 12:29:17
55967,2024-01-15 12:44:23
17517,2024-01-15 12:47:32
33801,2024-01-15 13:01:33
84568,2024-01-15 13:07:57
24843,2024-01-15 13:41:06
30672,2024-01-15 14:11:45
4418,2024-01-15 14:38:59
67975,2024-01-15 14:46:59
77444,2024-01-15 14:49:09
92669,2024-01-15 14:54:17
91018,2024-01-15 15:08:07
23351,2024-01-15 15:14:22
12744,2024-01-15 15:14:52
21334,2024-01-15 15:15:54
37965,2024-01-15 15:19:12
1190,2024-01-15 15:23:32
53611,2024-01-15 15:29:10
99920,2024-01-15 15:29:34
36270,2024-01-15 15:36:04
74036,2024-01-15 15:47:27
70615,2024-01-15 15:47:29
76050,2024-01-15 15:51:12
36486,2024-01-15 16:07:48
49193,2024-01-15 16:13:51
9915,2024-01-15 16:27:01
96834,2024-01-15 16:27:35
21007,2024-01-15 16:32:55
29280,2024-01-15 16:39:02
53186,2024-01-15 16:52:27
74124,2024-01-15 17:01:44
43979,2024-01-15 17:08:23
45943,2024-01-15 17:09:41
98837,2024-01-15 17:16:11
68590,2024-01-15 17:19:35
35305,2024-01-15 17:22:33
43329,2024-01-15 17:27:06
31200,2024-01-15 17:44:07
48634,2024-01-15 17:46:54
64278,2024-01-15 17:47:24
60303,2024-01-15 18:05:06
57958,2024-01-15 18:22:56
3418,2024-01-15 18:29:59
57147,2024-01-15 18:49:03
79654,2024-01-15 19:39:41
79389,2024-01-15 19:42:09
31511,2024-01-15 19:56:40
58220,2024-01-15 19:58:09
33037,2024-01-15 20:04:02
32205,2024-01-15 20:06:24
15408,2024-01-15 20:06:43
62680,2024-01-15 20:11:42
64664,2024-01-15 20:20:06
67029,2024-01-15 21:01:17
15917,2024-01-15 21:14:21
99641,2024-01-15 21:24:01
7828,2024-01-15 21:28:33
4987,2024-01-15 21:46:29
39723,2024-01-15 22:19:21
44973,2024-01-15 22:27:52
18338,2024-01-15 22:31:59
45712,2024-01-15 22:35:19
61001,2024-01-15 22:44:27
86297,2024-01-15 22:53:38
11045,2024-01-15 23:18:22
93401,2024-01-15 23:19:06
10884,2024-01-15 23:32:23
33868,2024-01-16 00:50:40
69981,2024-01-16 00:58:59
16210,2024-01-16 01:03:29
50172,2024-01-16 01:09:21
45712,2024-01-16 01:20:26
505,2024-01-16 01:24:43
32869,2024-01-16 01:55:19
98741,2024-01-16 03:03:34
55061,2024-01-16 03:10:44
37566,2024-01-16 03:14:15
83310,2024-01-16 03:17:28
44707,2024-01-16 03:27:25
31043,2024-01-16 03:56:17
98789,2024-01-16 04:10:42
53455,2024-01-16 04:29:01
97188,2024-01-16 04:50:23
76248,2024-01-16 04:53:19
36104,2024-01-16 05:10:08
13278,2024-01-16 05:46:22
4953,2024-01-16 05:48:06
7078,2024-01-16 06:06:05
30925,2024-01-16 06:10:26
33801,2024-01-16 06:39:58
49568,2024-01-16 07:29:21
43072,2024-01-16 07:51:42
97708,2024-01-16 07:56:50
32555,2024-01-16 08:04:00
12185,2024-01-16 08:28:49
7828,2024-01-16 08:29:15
54264,2024-01-16 08:32:53
97583,2024-01-16 08:46:42
53622,2024-01-16 08:56:31
91479,2024-01-16 09:00:48
22424,2024-01-16 09:26:07
99814,2024-01-16 09:45:40
88266,2024-01-16 09:53:33
14001,2024-01-16 10:04:33
25167,2024-01-16 10:16:19
69963,2024-01-16 10:18:20
90612,2024-01-16 10:20:01
79525,2024-01-16 10:21:08
64340,2024-01-16 10:24:45
74778,2024-01-16 10:30:08
86507,2024-01-16 10:32:18
28813,2024-01-16 10:35:23
33037,2024-01-16 10:50:17
75234,2024-01-16 10:58:36
96834,2024-01-16 11:02:47
33868,2024-01-16 11:09:49
59430,2024-01-16 11:11:16
82270,2024-01-16 11:12:30
56976,2024-01-16 11:32:13
61217,2024-01-16 11:49:47
23878,2024-01-16 12:00:28
91354,2024-01-16 12:03:54
71739,2024-01-16 12:07:26
73074,2024-01-16 12:21:46
44219,2024-01-16 12:25:30
38290,2024-01-16 12:43:50
52699,2024-01-16 13:09:18
16210,2024-01-16 13:20:29
23178,2024-01-16 13:28:20
1190,2024-01-16 13:43:01
90136,2024-01-16 13:59:58
71933,2024-01-16 14:00:15
71168,2024-01-16 14:14:04
3239,2024-01-16 14:19:48
93401,2024-01-16 14:20:48
95497,2024-01-16 14:26:15
70850,2024-01-16 14:29:39
54607,2024-01-16 14:36:47
268,2024-01-16 15:09:45
28049,2024-01-16 15:18:34
84132,2024-01-16 15:28:51
90977,2024-01-16 15:32:57
41398,2024-01-16 15:39:03
98896,2024-01-16 15:41:18
70526,2024-01-16 15:58:30
14640,2024-01-16 16:02:28
49427,2024-01-16 16:13:12
82706,2024-01-16 16:25:00
13467,2024-01-16 16:25:16
18221,2024-01-16 16:37:24
35374,2024-01-16 16:41:28
91931,2024-01-16 16:54:34
23505,2024-01-16 17:20:45
85737,2024-01-16 17:24:26
8663,2024-01-16 17:31:10
9391,2024-01-16 17:33:07
89157,2024-01-16 17:50:39
99995,2024-01-16 17:59:13
8000,2024-01-16 18:19:35
35519,2024-01-16 18:20:36
28813,2024-01-16 18:30:42
55905,2024-01-16 18:36:04
304,2024-01-16 18:38:35
35713,2024-01-16 18:48:30
77677,2024-01-16 18:54:13
99641,2024-01-16 19:06:57
43210,2024-01-16 19:10:44
38824,2024-01-16 19:11:49
56146,2024-01-16 19:26:36
40285,2024-01-16 19:31:35
50826,2024-01-16 19:37:50
70669,2024-01-16 20:06:53
16396,2024-01-16 20:17:40
18204,2024-01-16 20:41:54
1513,2024-01-16 20:43:22
63028,2024-01-16 20:43:53
32678,2024-01-16 20:48:03
79525,2024-01-16 21:04:16
66261,2024-01-16 21:18:26
31093,2024-01-16 21:21:27
81934,2024-01-16 21:24:46
20230,2024-01-16 21:25:07
68151,2024-01-16 21:26:35
29121,2024-01-16 21:37:01
76654,2024-01-16 21:43:04
33232,2024-01-16 22:09:52
45248,2024-01-16 22:14:04
36108,2024-01-16 22:19:21
30796,2024-01-16 22:45:26
27877,2024-01-16 22:45:40
38372,2024-01-16 22:52:16
93549,2024-01-16 23:00:42
41398,2024-01-16 23:02:14
87857,2024-01-16 23:09:49
63186,2024-01-16 23:23:03
60315,2024-01-16 23:24:25
91318,2024-01-16 23:36:24
94407,2024-01-16 23:53:47
21157,2024-01-16 23:59:43
90537,2024-01-17 00:46:54
19226,2024-01-17 00:50:46
69985,2024-01-17 00:54:39
23178,2024-01-17 01:04:07
81934,2024-01-17 01:50:57
33232,2024-01-17 01:59:01
16396,2024-01-17 02:37:10
18221,2024-01-17 03:01:52
7079,2024-01-17 04:08:37
45808,2024-01-17 04:18:12
70850,2024-01-17 06:05:59
11906,2024-01-17 06:48:10
5881,2024-01-17 07:07:15
13870,2024-01-17 07:08:05
70842,2024-01-17 07:23:46
47388,2024-01-17 07:24:31
39769,2024-01-17 07:31:25
60072,2024-01-17 08:01:17
13291,2024-01-17 08:03:13
64278,2024-01-17 08:09:30
30925,2024-01-17 08:14:23
31063,2024-01-17 08:22:43
4096,2024-01-17 08:27:37
81270,2024-01-17 08:31:57
63154,2024-01-17 08:33:52
75647,2024-01-17 08:34:52
20544,2024-01-17 09:03:09
39381,2024-01-17 09:13:17
35886,2024-01-17 09:13:20
4145,2024-01-17 09:15:40
61175,2024-01-17 09:16:52
37233,2024-01-17 09:23:42
52314,2024-01-17 09:25:48
42912,2024-01-17 09:26:50
45943,2024-01-17 09:55:17
8556,2024-01-17 10:05:14
61551,2024-01-17 10:11:03
19226,2024-01-17 10:12:38
32678,2024-01-17 10:22:09
45417,2024-01-17 10:24:23
29020,2024-01-17 10:29:00
63186,2024-01-17 10:30:59
91318,2024-01-17 10:33:53
42654,2024-01-17 10:58:09
97872,2024-01-17 11:14:12
22288,2024-01-17 11:15:44
40848,2024-01-17 11:26:49
68795,2024-01-17 11:45:03
11314,2024-01-17 11:50:43
62607,2024-01-17 11:57:05
57147,2024-01-17 12:16:17
9915,2024-01-17 12:39:45
33872,2024-01-17 12:45:20
38803,2024-01-17 12:48:10
34613,2024-01-17 13:03:40
49193,2024-01-17 13:04:07
38038,2024-01-17 13:16:22
59430,2024-01-17 13:32:41
71063,2024-01-17 13:34:45
14880,2024-01-17 13:38:42
53186,2024-01-17 13:46:24
94734,2024-01-17 13:47:37
23912,2024-01-17 13:54:36
19545,2024-01-17 13:55:52
33057,2024-01-17 13:56:44
22288,2024-01-17 14:07:51
61979,2024-01-17 14:15:04
35405,2024-01-17 14:34:34
20939,2024-01-17 14:36:42
14141,2024-01-17 14:37:51
37134,2024-01-17 14:56:12
17906,2024-01-17 15:05:56
96775,2024-01-17 15:10:55
99082,2024-01-17 15:14:49
92444,2024-01-17 15:22:45
87135,2024-01-17 15:23:05
57346,2024-01-17 15:23:28
25834,2024-01-17 15:38:00
43329,2024-01-17 16:18:36
37802,2024-01-17 16:24:33
48126,2024-01-17 16:26:41
72879,2024-01-17 16:27:41
98896,2024-01-17 16:49:06
22424,2024-01-17 17:08:56
51286,2024-01-17 17:10:30
33462,2024-01-17 17:14:49
50927,2024-01-17 17:16:11
53384,2024-01-17 17:16:52
5166,2024-01-17 17:22:28
82684,2024-01-17 17:29:00
4514,2024-01-17 17:48:10
33868,2024-01-17 18:11:49
80932,2024-01-17 18:47:27
95049,2024-01-17 19:01:26
36784,2024-01-17 19:20:57
51935,2024-01-17 19:43:04
93549,2024-01-17 19:45:51
96389,2024-01-17 19:47:14
82280,2024-01-17 19:52:43
15917,2024-01-17 20:05:40
13391,2024-01-17 20:11:47
7828,2024-01-17 20:21:17
35680,2024-01-17 20:26:51
6011,2024-01-17 20:49:20
28813,2024-01-17 20:57:54
92776,2024-01-17 20:57:59
78874,2024-01-17 21:04:43
63186,2024-01-17 21:08:59
43267,2024-01-17 21:12:26
75444,2024-01-17 21:13:56
96046,2024-01-17 21:21:39
51235,2024-01-17 21:28:51
56651,2024-01-17 21:47:25
501,2024-01-17 21:47:49
98429,2024-01-17 22:06:28
13719,2024-01-17 22:25:34
25167,2024-01-17 22:38:50
6057,2024-01-17 22:39:08
35430,2024-01-17 22:55:38
11314,2024-01-17 23:04:15
19377,2024-01-17 23:08:55
6536,2024-01-17 23:43:38
88319,2024-01-18 00:05:52
31228,2024-01-18 00:46:03
90321,2024-01-18 01:34:10
15785,2024-01-18 02:57:04
9612,2024-01-18 02:59:46
39381,2024-01-18 03:37:45
35193,2024-01-18 05:10:09
91326,2024-01-18 05:27:17
13090,2024-01-18 05:42:40
7828,2024-01-18 05:48:35
48694,2024-01-18 05:55:46
97246,2024-01-18 07:20:49
13128,2024-01-18 07:38:32
57346,2024-01-18 08:17:02
46810,2024-01-18 08:23:15
28825,2024-01-18 08:29:30
74325,2024-01-18 08:44:14
33872,2024-01-18 09:01:10
39858,2024-01-18 09:23:07
93397,2024-01-18 09:23:50
51463,2024-01-18 09:41:38
39381,2024-01-18 10:02:28
71481,2024-01-18 10:14:02
88266,2024-01-18 10:18:06
27798,2024-01-18 10:26:04
93122,2024-01-18 10:45:39
36474,2024-01-18 10:47:20
14141,2024-01-18 10:55:08
50179,2024-01-18 10:56:08
74262,2024-01-18 11:09:10
45943,2024-01-18 11:24:37
15378,2024-01-18 11:40:58
38573,2024-01-18 11:48:47
30152,2024-01-18 11:49:19
10119,2024-01-18 12:15:26
69985,2024-01-18 12:15:29
72879,2024-01-18 12:27:25
26442,2024-01-18 13:29:58
84143,2024-01-18 13:43:57
35193,2024-01-18 13:53:27
72705,2024-01-18 13:54:03
64278,2024-01-18 14:02:16
48307,2024-01-18 14:04:37
14303,2024-01-18 14:09:47
64012,2024-01-18 14:12:50
12185,2024-01-18 14:39:02
39578,2024-01-18 14:59:38
30925,2024-01-18 15:45:50
93859,2024-01-18 16:06:54
30672,2024-01-18 16:10:17
31228,2024-01-18 16:12:20
15378,2024-01-18 16:15:03
16360,2024-01-18 16:15:42
38913,2024-01-18 16:19:52
96301,2024-01-18 16:27:50
81270,2024-01-18 16:33:31
18047,2024-01-18 16:42:24
37965,2024-01-18 17:37:07
84058,2024-01-18 17:47:31
87473,2024-01-18 17:48:46
56500,2024-01-18 18:10:52
47851,2024-01-18 18:12:16
29020,2024-01-18 18:20:10
48126,2024-01-18 18:30:29
65732,2024-01-18 18:35:33
66986,2024-01-18 18:47:25
81117,2024-01-18 19:03:04
6331,2024-01-18 19:16:06
80252,2024-01-18 19:19:00
82344,2024-01-18 19:42:44
20139,2024-01-18 19:44:13
43567,2024-01-18 19:59:30
20075,2024-01-18 20:12:54
23505,2024-01-18 20:14:51
28049,2024-01-18 20:25:07
97537,2024-01-18 20:29:35
13470,2024-01-18 20:46:43
43040,2024-01-18 20:47:40
62669,2024-01-18 20:53:34
4381,2024-01-18 21:10:48
27813,2024-01-18 21:47:24
66903,2024-01-18 21:55:44
75554,2024-01-18 22:01:46
93913,2024-01-18 22:11:45
64278,2024-01-18 22:26:44
60770,2024-01-18 22:34:55
29020,2024-01-18 22:40:17
58220,2024-01-18 22:45:05
70418,2024-01-18 23:18:38
68119,2024-01-18 23:28:34
91581,2024-01-18 23:29:19
6849,2024-01-18 23:47:13
10884,2024-01-19 00:48:52
56150,2024-01-19 01:16:23
86527,2024-01-19 01:26:15
84058,2024-01-19 01:31:46
40540,2024-01-19 01:33:53
95791,2024-01-19 01:35:06
91581,2024-01-19 02:11:07
10932,2024-01-19 02:13:21
52863,2024-01-19 02:20:25
10578,2024-01-19 02:21:40
84568,2024-01-19 03:07:38
16263,2024-01-19 03:33:17
6536,2024-01-19 03:48:57
44973,2024-01-19 03:59:12
26385,2024-01-19 04:04:52
20959,2024-01-19 06:00:45
74608,2024-01-19 06:07:12
42825,2024-01-19 06:13:46
8702,2024-01-19 06:14:15
44906,2024-01-19 07:40:30
56561,2024-01-19 07:51:20
32205,2024-01-19 07:53:32
95565,2024-01-19 08:09:04
85918,2024-01-19 08:18:36
57725,2024-01-19 08:19:14
71752,2024-01-19 08:20:04
41481,2024-01-19 08:21:59
27857,2024-01-19 09:01:45
21244,2024-01-19 09:49:02
65732,2024-01-19 09:51:45
33232,2024-01-19 09:55:55
37566,2024-01-19 10:01:44
16326,2024-01-19 10:16:59
49500,2024-01-19 10:19:25
70842,2024-01-19 10:32:26
38573,2024-01-19 10:54:07
76048,2024-01-19 11:40:01
60711,2024-01-19 12:06:52
15785,2024-01-19 12:21:01
68071,2024-01-19 12:27:44
98423,2024-01-19 12:52:02
92557,2024-01-19 12:59:40
45131,2024-01-19 13:00:07
2844,2024-01-19 13:19:33
32205,2024-01-19 13:23:37
85737,2024-01-19 13:36:30
16396,2024-01-19 13:36:33
19541,2024-01-19 13:47:39
9612,2024-01-19 13:49:04
25834,2024-01-19 14:04:07
42615,2024-01-19 14:32:37
89157,2024-01-19 14:36:10
36516,2024-01-19 14:41:33
13401,2024-01-19 14:43:46
27798,2024-01-19 14:47:22
69117,2024-01-19 15:07:41
85408,2024-01-19 15:40:38
37060,2024-01-19 15:43:42
33868,2024-01-19 16:26:17
35072,2024-01-19 16:29:04
95867,2024-01-19 16:38:08
56209,2024-01-19 17:02:48
39510,2024-01-19 17:12:21
23178,2024-01-19 17:18:24
47581,2024-01-19 17:18:32
31511,2024-01-19 17:18:49
81343,2024-01-19 17:29:29
44339,2024-01-19 18:03:03
53455,2024-01-19 18:19:37
30796,2024-01-19 18:29:42
87135,2024-01-19 19:05:31
51163,2024-01-19 19:13:13
98837,2024-01-19 19:21:09
99814,2024-01-19 19:27:08
4096,2024-01-19 19:50:20
2863,2024-01-19 19:55:18
57147,2024-01-19 19:55:19
16396,2024-01-19 19:56:50
47581,2024-01-19 20:06:23
67500,2024-01-19 20:06:45
39877,2024-01-19 20:27:41
56422,2024-01-19 20:28:17
90136,2024-01-19 20:55:03
46050,2024-01-19 21:03:48
24547,2024-01-19 21:12:26
505,2024-01-19 21:20:28
86278,2024-01-19 21:21:05
32643,2024-01-19 21:30:36
78859,2024-01-19 21:41:49
45417,2024-01-19 21:44:11
81934,2024-01-19 22:05:24
63394,2024-01-19 22:30:53
51687,2024-01-19 22:35:42
23573,2024-01-19 22:41:31
42654,2024-01-19 23:01:53
82684,2024-01-19 23:20:26
11045,2024-01-19 23:48:44
25876,2024-01-20 00:02:36
15276,2024-01-20 00:19:28
3709,2024-01-20 00:44:22
6027,2024-01-20 01:05:49
40316,2024-01-20 02:11:14
97837,2024-01-20 02:15:31
35680,2024-01-20 02:20:15
99768,2024-01-20 02:22:26
55920,2024-01-20 02:47:31
82684,2024-01-20 03:15:54
15408,2024-01-20 03:23:40
16210,2024-01-20 03:31:09
63973,2024-01-20 03:34:36
10357,2024-01-20 03:41:45
56946,2024-01-20 04:16:41
29020,2024-01-20 05:02:04
36279,2024-01-20 05:05:29
75647,2024-01-20 05:26:13
29981,2024-01-20 05:48:44
92709,2024-01-20 05:53:22
30796,2024-01-20 06:02:21
44686,2024-01-20 06:18:17
24115,2024-01-20 06:22:02
39858,2024-01-20 06:23:38
87135,2024-01-20 06:28:32
37802,2024-01-20 06:32:01
2863,2024-01-20 07:36:08
25262,2024-01-20 07:55:29
38503,2024-01-20 07:55:47
30796,2024-01-20 08:14:47
9741,2024-01-20 08:20:03
62027,2024-01-20 08:32:22
59959,2024-01-20 08:35:12
76654,2024-01-20 08:38:45
55713,2024-01-20 08:40:52
66520,2024-01-20 08:47:41
40316,2024-01-20 08:50:12
78859,2024-01-20 08:51:45
18390,2024-01-20 09:51:03
88406,2024-01-20 10:33:24
19541,2024-01-20 10:33:26
8556,2024-01-20 10:49:47
59852,2024-01-20 10:57:22
48307,2024-01-20 10:58:41
51286,2024-01-20 11:15:51
55574,2024-01-20 11:42:51
73657,2024-01-20 11:44:29
1813,2024-01-20 11:58:14
40646,2024-01-20 12:03:57
95049,2024-01-20 12:09:42
9826,2024-01-20 12:19:26
1550,2024-01-20 12:22:44
41833,2024-01-20 12:35:33
4617,2024-01-20 12:42:25
28158,2024-01-20 12:53:56
2468,2024-01-20 13:19:05
56976,2024-01-20 13:25:44
48459,2024-01-20 13:33:12
99814,2024-01-20 13:40:25
31928,2024-01-20 13:54:12
39769,2024-01-20 14:12:39
1675,2024-01-20 14:24:20
40241,2024-01-20 14:31:13
20527,2024-01-20 14:31:34
26710,2024-01-20 14:37:36
1675,2024-01-20 14:38:03
81366,2024-01-20 14:48:26
22752,2024-01-20 15:17:04
71631,2024-01-20 15:36:44
58705,2024-01-20 15:54:13
65939,2024-01-20 15:57:32
94310,2024-01-20 16:01:59
6027,2024-01-20 16:13:17
34032,2024-01-20 16:17:15
59797,2024-01-20 16:21:53
14880,2024-01-20 16:29:27
40351,2024-01-20 16:29:43
99054,2024-01-20 16:33:19
24703,2024-01-20 16:36:33
9741,2024-01-20 16:38:53
15716,2024-01-20 16:56:01
88406,2024-01-20 17:03:18
7005,2024-01-20 17:39:32
8419,2024-01-20 17:53:11
36784,2024-01-20 17:55:46
27813,2024-01-20 18:01:12
16263,2024-01-20 18:03:09
95482,2024-01-20 18:11:15
25167,2024-01-20 18:15:16
15785,2024-01-20 18:18:19
51463,2024-01-20 18:20:10
29121,2024-01-20 18:24:33
5872,2024-01-20 18:29:04
59007,2024-01-20 18:38:08
31767,2024-01-20 19:07:42
46050,2024-01-20 19:23:41
15408,2024-01-20 19:32:00
31659,2024-01-20 19:46:47
87857,2024-01-20 19:57:50
76463,2024-01-20 20:15:13
88153,2024-01-20 20:20:25
38956,2024-01-20 20:32:20
9284,2024-01-20 20:36:53
86224,2024-01-20 20:51:14
71933,2024-01-20 20:56:11
78363,2024-01-20 21:05:56
35886,2024-01-20 21:30:31
60986,2024-01-20 21:49:31
39510,2024-01-20 21:54:13
6087,2024-01-20 22:02:35
51687,2024-01-20 22:08:25
35886,2024-01-20 23:02:11
57151,2024-01-20 23:10:03
76257,2024-01-20 23:10:10
34233,2024-01-20 23:30:38
87986,2024-01-20 23:44:51
38503,2024-01-20 23:56:53
77444,2024-01-21 00:03:48
46312,2024-01-21 00:39:21
56844,2024-01-21 01:32:39
14141,2024-01-21 01:41:18
87135,2024-01-21 01:53:00
16897,2024-01-21 02:31:22
25676,2024-01-21 02:52:13
54607,2024-01-21 02:57:34
51757,2024-01-21 03:05:43
31228,2024-01-21 05:23:51
53819,2024-01-21 05:41:00
65449,2024-01-21 05:55:31
23878,2024-01-21 06:17:49
75050,2024-01-21 06:41:08
52722,2024-01-21 07:15:10
75050,2024-01-21 07:25:41
46619,2024-01-21 07:37:05
95922,2024-01-21 08:23:23
27857,2024-01-21 08:25:32
27587,2024-01-21 08:34:32
32692,2024-01-21 08:37:48
92709,2024-01-21 09:06:17
44686,2024-01-21 09:06:22
82760,2024-01-21 09:33:16
57725,2024-01-21 09:49:08
76050,2024-01-21 10:00:49
56500,2024-01-21 10:05:29
82797,2024-01-21 10:12:12
39769,2024-01-21 10:29:26
99725,2024-01-21 10:49:40
48694,2024-01-21 11:05:56
19449,2024-01-21 11:10:49
49568,2024-01-21 11:12:44
19632,2024-01-21 11:26:07
64278,2024-01-21 11:28:52
70301,2024-01-21 11:30:37
64373,2024-01-21 11:31:51
84132,2024-01-21 11:33:18
4529,2024-01-21 12:14:47
25167,2024-01-21 12:40:26
65467,2024-01-21 12:44:46
96873,2024-01-21 12:49:15
43927,2024-01-21 13:23:50
37051,2024-01-21 13:37:35
68358,2024-01-21 13:45:17
80140,2024-01-21 14:03:20
18082,2024-01-21 14:17:13
508,2024-01-21 14:17:40
36840,2024-01-21 14:25:57
7124,2024-01-21 14:36:14
57564,2024-01-21 14:44:25
61551,2024-01-21 15:25:09
29004,2024-01-21 15:48:26
92444,2024-01-21 15:51:52
32482,2024-01-21 15:59:24
68497,2024-01-21 16:06:06
63394,2024-01-21 16:34:29
95482,2024-01-21 16:45:19
501,2024-01-21 16:46:35
13291,2024-01-21 16:54:40
75554,2024-01-21 17:07:48
37046,2024-01-21 17:24:05
43934,2024-01-21 17:31:50
82216,2024-01-21 17:46:11
1675,2024-01-21 18:01:24
8000,2024-01-21 18:13:58
93374,2024-01-21 18:21:16
26710,2024-01-21 18:42:07
65008,2024-01-21 18:42:53
12942,2024-01-21 18:54:39
38824,2024-01-21 18:56:55
56058,2024-01-21 19:04:12
97733,2024-01-21 19:09:11
40351,2024-01-21 19:16:02
58874,2024-01-21 19:31:06
62579,2024-01-21 19:42:03
75513,2024-01-21 20:09:20
48566,2024-01-21 20:16:40
63354,2024-01-21 20:18:39
45878,2024-01-21 20:22:40
83310,2024-01-21 20:27:53
50977,2024-01-21 20:35:50
37376,2024-01-21 20:42:19
23878,2024-01-21 20:47:47
10578,2024-01-21 20:54:23
85408,2024-01-21 21:09:35
65519,2024-01-21 21:19:45
70287,2024-01-21 21:21:36
4049,2024-01-21 21:33:36
55338,2024-01-21 21:36:19
16897,2024-01-21 21:50:26
36818,2024-01-21 21:54:08
32678,2024-01-21 21:57:42
83846,2024-01-21 22:00:36
36303,2024-01-21 22:05:42
78363,2024-01-21 22:10:41
24716,2024-01-21 22:34:13
4364,2024-01-21 22:57:06
71230,2024-01-21 22:57:13
21244,2024-01-21 23:00:48
75513,2024-01-21 23:04:48
54072,2024-01-21 23:07:38
82797,2024-01-21 23:09:39
82148,2024-01-21 23:13:18
45417,2024-01-21 23:57:24
32497,2024-01-21 23:59:13
13286,2024-01-21 23:59:29
97405,2024-01-22 00:15:06
2804,2024-01-22 00:34:43
16360,2024-01-22 00:50:48
78799,2024-01-22 01:05:44
8556,2024-01-22 01:26:00
52863,2024-01-22 02:30:10
37051,2024-01-22 02:33:32
51757,2024-01-22 02:36:07
97708,2024-01-22 03:00:17
28720,2024-01-22 03:34:59
7079,2024-01-22 04:09:29
10536,2024-01-22 04:12:31
47876,2024-01-22 04:16:13
24716,2024-01-22 04:25:37
52314,2024-01-22 04:56:27
3097,2024-01-22 06:36:25
76669,2024-01-22 06:36:26
14880,2024-01-22 08:04:13
33107,2024-01-22 08:18:15
31659,2024-01-22 08:24:46
5597,2024-01-22 08:26:56
7078,2024-01-22 08:32:42
79023,2024-01-22 08:46:57
34716,2024-01-22 08:49:35
91019,2024-01-22 08:58:18
71046,2024-01-22 09:02:39
74804,2024-01-22 09:14:16
5481,2024-01-22 09:44:57
47260,2024-01-22 10:09:12
40646,2024-01-22 10:12:00
38038,2024-01-22 10:13:51
53455,2024-01-22 10:16:16
72298,2024-01-22 10:29:11
98891,2024-01-22 10:32:10
36474,2024-01-22 10:51:36
30358,2024-01-22 11:04:21
36691,2024-01-22 11:12:17
79761,2024-01-22 11:15:43
67717,2024-01-22 11:39:29
81224,2024-01-22 11:48:32
65170,2024-01-22 11:54:45
51235,2024-01-22 11:54:58
1513,2024-01-22 11:59:07
96296,2024-01-22 12:05:56
16326,2024-01-22 12:07:55
60770,2024-01-22 12:10:03
2804,2024-01-22 12:21:18
46050,2024-01-22 12:23:43
2844,2024-01-22 12:29:08
25607,2024-01-22 12:52:15
70287,2024-01-22 12:55:43
7054,2024-01-22 13:04:18
9340,2024-01-22 13:19:36
87011,2024-01-22 13:24:53
76412,2024-01-22 13:48:35
37051,2024-01-22 13:59:53
66731,2024-01-22 14:00:29
31928,2024-01-22 14:00:47
31305,2024-01-22 14:09:49
7079,2024-01-22 14:10:18
67717,2024-01-22 14:27:47
71752,2024-01-22 14:28:14
32707,2024-01-22 15:27:12
10884,2024-01-22 15:38:28
43210,2024-01-22 15:55:38
67751,2024-01-22 16:02:56
19632,2024-01-22 16:06:01
93374,2024-01-22 16:27:44
64373,2024-01-22 16:31:02
84479,2024-01-22 16:38:23
33338,2024-01-22 16:38:40
39877,2024-01-22 16:40:25
64373,2024-01-22 16:40:41
66060,2024-01-22 17:06:12
31767,2024-01-22 17:14:29
6011,2024-01-22 17:25:09
35344,2024-01-22 17:25:18
3752,2024-01-22 17:37:19
97067,2024-01-22 18:00:50
8556,2024-01-22 18:12:44
86572,2024-01-22 18:15:05
48421,2024-01-22 18:17:43
5881,2024-01-22 18:41:41
9876,2024-01-22 18:43:06
61947,2024-01-22 18:50:00
18047,2024-01-22 18:59:31
63966,2024-01-22 19:40:59
4522,2024-01-22 19:41:04
44707,2024-01-22 19:53:49
90104,2024-01-22 19:57:55
56651,2024-01-22 19:58:11
36516,2024-01-22 20:06:34
56844,2024-01-22 21:42:32
50283,2024-01-22 21:48:06
81117,2024-01-22 22:37:39
22752,2024-01-22 22:38:02
15917,2024-01-22 22:44:00
53648,2024-01-22 22:57:17
71046,2024-01-22 23:22:03
78799,2024-01-22 23:32:18
14640,2024-01-22 23:39:55
84627,2024-01-22 23:46:39
78799,2024-01-23 00:04:13
46983,2024-01-23 00:07:45
54264,2024-01-23 00:37:22
99251,2024-01-23 00:41:03
88295,2024-01-23 00:56:39
95791,2024-01-23 01:10:01
4049,2024-01-23 01:21:38
97537,2024-01-23 01:22:48
53819,2024-01-23 01:24:20
24716,2024-01-23 02:26:16
75066,2024-01-23 02:28:28
87724,2024-01-23 02:48:16
2189,2024-01-23 02:52:06
27813,2024-01-23 02:55:06
35098,2024-01-23 03:08:01
13401,2024-01-23 03:10:58
74036,2024-01-23 03:37:58
9284,2024-01-23 04:46:32
90321,2024-01-23 05:02:28
47388,2024-01-23 05:18:51
82270,2024-01-23 05:42:31
1550,2024-01-23 05:53:44
62838,2024-01-23 06:02:11
30210,2024-01-23 06:29:36
37802,2024-01-23 07:18:38
58777,2024-01-23 07:45:02
35955,2024-01-23 08:04:00
2189,2024-01-23 08:04:02
32135,2024-01-23 08:09:54
70615,2024-01-23 08:17:02
33423,2024-01-23 08:38:27
48421,2024-01-23 08:39:32
36253,2024-01-23 08:46:35
720,2024-01-23 08:58:32
6087,2024-01-23 09:03:36
47828,2024-01-23 09:11:46
85712,2024-01-23 09:13:40
804,2024-01-23 09:32:56
36233,2024-01-23 09:47:12
64373,2024-01-23 09:51:54
17943,2024-01-23 10:12:23
84217,2024-01-23 10:19:18
17502,2024-01-23 10:23:25
49500,2024-01-23 10:30:35
68558,2024-01-23 10:55:49
48307,2024-01-23 10:59:58
86112,2024-01-23 11:18:24
72705,2024-01-23 11:26:14
91757,2024-01-23 11:37:49
98891,2024-01-23 11:38:39
76669,2024-01-23 11:42:29
39877,2024-01-23 11:54:01
720,2024-01-23 12:02:52
35680,2024-01-23 12:06:55
21007,2024-01-23 12:08:18
70301,2024-01-23 12:15:43
56946,2024-01-23 12:20:24
35886,2024-01-23 12:36:55
53871,2024-01-23 13:07:45
26584,2024-01-23 13:12:13
63973,2024-01-23 13:13:01
56561,2024-01-23 13:27:17
46050,2024-01-23 13:33:08
304,2024-01-23 13:36:22
14774,2024-01-23 13:42:36
64641,2024-01-23 13:42:46
58073,2024-01-23 13:53:53
44686,2024-01-23 14:05:59
60992,2024-01-23 14:26:18
30262,2024-01-23 14:30:20
36279,2024-01-23 14:32:11
5314,2024-01-23 14:44:24
39858,2024-01-23 15:00:57
13128,2024-01-23 15:01:49
28049,2024-01-23 15:02:26
89157,2024-01-23 15:24:04
29463,2024-01-23 15:25:25
19377,2024-01-23 15:34:30
2208,2024-01-23 15:40:24
88366,2024-01-23 15:58:56
29641,2024-01-23 16:11:02
76549,2024-01-23 16:59:19
83895,2024-01-23 17:34:15
40318,2024-01-23 17:54:18
71504,2024-01-23 18:15:12
86382,2024-01-23 18:23:11
61175,2024-01-23 18:24:38
87576,2024-01-23 18:25:14
72894,2024-01-23 18:27:23
32707,2024-01-23 18:31:40
43567,2024-01-23 18:32:27
36840,2024-01-23 18:47:59
34613,2024-01-23 18:48:27
13291,2024-01-23 18:55:02
76050,2024-01-23 19:36:23
31784,2024-01-23 19:55:16
28984,2024-01-23 20:01:12
93556,2024-01-23 20:13:54
60049,2024-01-23 20:24:57
71631,2024-01-23 20:36:00
32565,2024-01-23 20:45:01
90321,2024-01-23 21:07:46
30998,2024-01-23 21:12:01
95562,2024-01-23 21:54:14
82706,2024-01-23 22:11:14
70615,2024-01-23 22:24:25
60770,2024-01-23 22:28:29
16422,2024-01-23 22:28:58
33462,2024-01-23 22:32:46
70463,2024-01-23 22:44:38
68497,2024-01-23 23:06:25
20075,2024-01-23 23:17:00
18047,2024-01-24 00:00:01
12080,2024-01-24 00:17:40
57683,2024-01-24 00:41:48
67717,2024-01-24 03:49:41
75647,2024-01-24 04:06:04
52722,2024-01-24 04:30:31
72298,2024-01-24 04:38:40
93007,2024-01-24 04:54:46
68140,2024-01-24 04:59:31
29847,2024-01-24 05:17:48
72879,2024-01-24 05:19:35
91273,2024-01-24 05:37:59
73957,2024-01-24 05:39:37
24450,2024-01-24 05:52:06
44472,2024-01-24 05:52:46
75554,2024-01-24 06:38:04
56976,2024-01-24 07:06:32
11045,2024-01-24 07:32:21
44472,2024-01-24 07:43:10
99768,2024-01-24 08:04:08
80140,2024-01-24 08:31:35
94323,2024-01-24 08:55:20
43210,2024-01-24 08:58:31
84051,2024-01-24 09:06:03
38290,2024-01-24 09:34:44
95867,2024-01-24 10:06:36
53362,2024-01-24 10:11:12
16019,2024-01-24 10:24:52
6087,2024-01-24 10:33:31
6027,2024-01-24 10:42:57
45612,2024-01-24 10:49:24
17699,2024-01-24 10:58:11
5314,2024-01-24 11:02:35
90744,2024-01-24 11:10:34
93401,2024-01-24 11:19:51
99725,2024-01-24 11:20:59
53462,2024-01-24 11:25:11
14350,2024-01-24 11:25:43
94407,2024-01-24 11:26:01
47545,2024-01-24 11:46:24
27857,2024-01-24 12:04:05
29403,2024-01-24 12:25:44
36656,2024-01-24 12:26:51
99995,2024-01-24 12:27:27
87011,2024-01-24 12:28:04
68140,2024-01-24 12:31:46
83846,2024-01-24 12:44:45
29289,2024-01-24 12:49:31
18925,2024-01-24 12:50:29
1636,2024-01-24 12:54:34
59067,2024-01-24 12:58:35
22000,2024-01-24 13:10:36
72298,2024-01-24 13:14:16
5314,2024-01-24 13:20:55
40549,2024-01-24 13:21:54
62022,2024-01-24 13:25:51
83683,2024-01-24 13:30:17
68248,2024-01-24 13:30:25
95497,2024-01-24 13:34:59
25511,2024-01-24 13:48:32
32327,2024-01-24 14:02:55
34716,2024-01-24 14:04:55
2804,2024-01-24 14:13:04
14141,2024-01-24 14:26:41
56221,2024-01-24 14:33:26
86382,2024-01-24 14:56:38
48826,2024-01-24 15:05:03
76529,2024-01-24 15:09:25
56037,2024-01-24 15:17:44
12265,2024-01-24 15:24:34
97872,2024-01-24 15:29:12
9612,2024-01-24 15:50:41
50592,2024-01-24 15:54:47
50251,2024-01-24 16:00:42
29280,2024-01-24 16:14:33
61793,2024-01-24 16:18:05
58073,2024-01-24 16:39:28
93401,2024-01-24 16:42:23
33232,2024-01-24 16:45:05
99768,2024-01-24 16:52:52
45808,2024-01-24 17:19:50
62838,2024-01-24 17:26:19
85918,2024-01-24 17:30:29
38372,2024-01-24 17:42:55
81199,2024-01-24 17:47:09
40351,2024-01-24 18:05:18
36516,2024-01-24 18:21:30
73957,2024-01-24 18:27:41
99054,2024-01-24 18:47:23
21334,2024-01-24 18:51:42
40848,2024-01-24 18:54:25
2208,2024-01-24 19:13:17
34400,2024-01-24 19:23:40
12080,2024-01-24 19:28:00
72802,2024-01-24 19:35:24
54676,2024-01-24 19:41:13
97246,2024-01-24 19:47:57
68186,2024-01-24 19:55:43
50757,2024-01-24 19:57:34
17430,2024-01-24 20:03:28
23878,2024-01-24 20:13:09
78899,2024-01-24 20:19:16
91479,2024-01-24 20:28:12
75444,2024-01-24 20:38:23
38038,2024-01-24 20:53:25
35886,2024-01-24 20:54:00
84132,2024-01-24 21:02:07
31162,2024-01-24 21:40:14
10932,2024-01-24 21:48:25
1880,2024-01-24 21:50:49
3487,2024-01-24 21:58:25
39877,2024-01-24 22:01:36
24716,2024-01-24 22:11:30
65467,2024-01-24 22:11:59
20230,2024-01-24 23:04:34
34499,2024-01-24 23:04:59
10357,2024-01-24 23:13:26
76050,2024-01-24 23:45:00
38503,2024-01-25 00:05:51
58108,2024-01-25 00:17:19
5481,2024-01-25 00:45:39
24842,2024-01-25 01:02:54
97067,2024-01-25 01:49:56
71242,2024-01-25 02:08:56
71933,2024-01-25 02:12:03
19182,2024-01-25 02:21:30
5577,2024-01-25 02:32:16
7673,2024-01-25 02:39:52
37134,2024-01-25 03:10:39
72879,2024-01-25 03:23:54
11906,2024-01-25 03:40:55
87011,2024-01-25 05:41:01
50592,2024-01-25 06:24:51
4617,2024-01-25 06:26:26
6027,2024-01-25 06:39:26
70842,2024-01-25 07:00:49
4617,2024-01-25 07:09:45
9284,2024-01-25 08:01:52
9876,2024-01-25 08:02:39
17236,2024-01-25 08:29:57
11314,2024-01-25 08:31:31
33338,2024-01-25 08:34:00
37233,2024-01-25 08:58:06
35374,2024-01-25 09:00:05
62022,2024-01-25 09:00:07
90976,2024-01-25 09:03:09
43896,2024-01-25 09:04:55
97188,2024-01-25 09:09:05
58874,2024-01-25 09:11:50
77444,2024-01-25 09:20:49
43267,2024-01-25 09:22:15
82148,2024-01-25 09:41:19
36584,2024-01-25 09:48:01
48634,2024-01-25 09:50:14
91648,2024-01-25 09:52:44
12711,2024-01-25 10:00:39
5481,2024-01-25 10:12:37
82270,2024-01-25 10:21:18
53384,2024-01-25 10:34:08
99282,2024-01-25 10:49:34
25099,2024-01-25 10:58:29
36532,2024-01-25 11:15:38
64477,2024-01-25 11:24:58
60545,2024-01-25 11:26:27
61580,2024-01-25 11:33:28
26710,2024-01-25 12:14:52
78899,2024-01-25 12:26:05
32327,2024-01-25 12:40:16
13401,2024-01-25 12:42:46
48490,2024-01-25 12:48:58
15311,2024-01-25 12:54:07
57147,2024-01-25 13:06:22
28720,2024-01-25 13:11:12
51286,2024-01-25 13:47:03
7054,2024-01-25 14:06:04
14880,2024-01-25 14:06:09
60049,2024-01-25 14:08:35
97837,2024-01-25 14:38:52
19377,2024-01-25 15:33:40
86572,2024-01-25 15:42:43
78775,2024-01-25 15:52:33
45417,2024-01-25 16:15:42
45131,2024-01-25 16:30:26
4104,2024-01-25 16:40:43
32555,2024-01-25 17:19:29
68186,2024-01-25 17:29:30
83705,2024-01-25 17:30:20
6466,2024-01-25 17:32:35
61879,2024-01-25 17:42:39
14774,2024-01-25 17:46:57
50592,2024-01-25 18:06:27
58213,2024-01-25 18:16:49
56422,2024-01-25 18:18:01
63966,2024-01-25 19:12:36
83895,2024-01-25 19:26:32
7054,2024-01-25 19:27:13
76248,2024-01-25 19:30:18
99160,2024-01-25 19:35:33
6331,2024-01-25 19:42:44
69117,2024-01-25 19:49:45
10990,2024-01-25 20:14:55
57725,2024-01-25 20:19:20
32135,2024-01-25 20:34:00
32707,2024-01-25 20:36:01
52314,2024-01-25 20:38:27
18015,2024-01-25 20:44:14
81127,2024-01-25 21:04:44
6871,2024-01-25 21:41:18
72879,2024-01-25 21:45:44
78363,2024-01-25 22:00:25
48307,2024-01-25 22:08:27
64228,2024-01-25 22:55:49
79055,2024-01-25 23:00:38
94790,2024-01-25 23:09:20
3836,2024-01-25 23:09:55
83297,2024-01-25 23:16:53
98896,2024-01-25 23:20:25
86112,2024-01-25 23:21:27
93122,2024-01-25 23:33:03
15276,2024-01-25 23:35:48
34613,2024-01-25 23:41:38
31790,2024-01-25 23:58:21
3836,2024-01-26 00:00:32
43567,2024-01-26 00:16:17
12592,2024-01-26 00:29:07
86392,2024-01-26 01:32:34
28564,2024-01-26 02:01:36
19543,2024-01-26 02:11:03
27857,2024-01-26 02:40:50
31043,2024-01-26 03:16:05
16983,2024-01-26 03:35:05
39007,2024-01-26 03:47:15
33057,2024-01-26 04:04:39
18082,2024-01-26 04:26:25
3784,2024-01-26 05:17:31
48421,2024-01-26 05:19:37
3418,2024-01-26 05:37:33
43567,2024-01-26 05:42:55
40848,2024-01-26 06:05:05
32555,2024-01-26 06:48:51
29847,2024-01-26 07:17:06
91581,2024-01-26 07:19:50
3263,2024-01-26 07:31:52
38038,2024-01-26 08:00:58
1190,2024-01-26 08:03:41
89561,2024-01-26 08:06:27
98502,2024-01-26 08:08:04
65449,2024-01-26 08:31:40
82706,2024-01-26 08:32:51
93007,2024-01-26 08:34:09
83297,2024-01-26 08:40:24
66107,2024-01-26 08:44:51
23573,2024-01-26 08:48:55
71701,2024-01-26 08:52:12
36104,2024-01-26 08:56:45
97188,2024-01-26 08:58:45
71230,2024-01-26 09:22:13
4987,2024-01-26 09:30:49
84627,2024-01-26 09:59:37
99006,2024-01-26 10:02:10
41481,2024-01-26 11:04:05
5481,2024-01-26 11:30:30
82706,2024-01-26 11:53:19
87216,2024-01-26 12:45:45
54607,2024-01-26 12:48:58
37134,2024-01-26 13:07:44
56946,2024-01-26 13:26:09
65467,2024-01-26 13:32:46
92776,2024-01-26 13:35:15
61217,2024-01-26 13:37:49
93859,2024-01-26 13:41:15
85712,2024-01-26 13:52:00
10341,2024-01-26 13:55:23
12567,2024-01-26 14:08:10
64608,2024-01-26 14:27:06
8556,2024-01-26 15:19:49
25188,2024-01-26 15:22:36
15292,2024-01-26 15:23:07
52337,2024-01-26 15:26:39
23626,2024-01-26 15:43:19
42652,2024-01-26 15:54:10
14880,2024-01-26 16:00:38
9778,2024-01-26 16:04:07
50179,2024-01-26 16:06:28
96119,2024-01-26 16:19:03
68863,2024-01-26 16:38:22
25876,2024-01-26 16:41:08
76412,2024-01-26 17:13:18
52971,2024-01-26 17:31:44
97733,2024-01-26 17:32:22
35680,2024-01-26 17:37:51
2863,2024-01-26 17:45:28
32205,2024-01-26 17:46:09
75647,2024-01-26 18:04:04
31043,2024-01-26 18:33:53
4381,2024-01-26 18:37:33
27164,2024-01-26 18:53:18
42825,2024-01-26 18:53:45
77444,2024-01-26 18:58:40
12711,2024-01-26 19:03:51
77444,2024-01-26 19:33:00
24842,2024-01-26 19:33:04
932,2024-01-26 19:50:27
71392,2024-01-26 19:59:01
83675,2024-01-26 20:17:19
60770,2024-01-26 20:36:28
505,2024-01-26 20:39:04
71752,2024-01-26 20:44:41
61217,2024-01-26 20:45:11
77433,2024-01-26 20:45:23
82190,2024-01-26 21:06:50
96667,2024-01-26 21:23:55
71481,2024-01-26 21:32:52
31468,2024-01-26 21:34:02
69881,2024-01-26 21:45:41
29649,2024-01-26 21:47:56
38718,2024-01-26 21:55:11
35680,2024-01-26 22:05:04
7828,2024-01-26 22:05:09
11417,2024-01-26 22:08:41
81270,2024-01-26 22:34:07
44155,2024-01-26 22:35:04
79023,2024-01-26 22:42:17
96834,2024-01-26 22:52:48
46619,2024-01-26 23:00:26
17502,2024-01-26 23:01:11
21244,2024-01-26 23:18:57
68497,2024-01-26 23:24:39
11314,2024-01-27 00:11:21
42654,2024-01-27 00:49:18
56209,2024-01-27 00:49:23
74765,2024-01-27 01:26:49
96119,2024-01-27 01:36:15
53384,2024-01-27 01:45:56
87425,2024-01-27 02:30:37
83676,2024-01-27 03:15:02
59006,2024-01-27 03:16:15
48643,2024-01-27 03:25:04
66101,2024-01-27 03:51:00
29108,2024-01-27 04:04:39
21244,2024-01-27 04:09:05
40351,2024-01-27 06:14:51
6331,2024-01-27 06:20:16
31200,2024-01-27 06:31:02
41798,2024-01-27 06:32:52
13804,2024-01-27 06:45:32
34502,2024-01-27 07:13:10
99207,2024-01-27 07:19:17
25607,2024-01-27 07:23:47
65249,2024-01-27 07:47:58
64278,2024-01-27 08:00:47
58213,2024-01-27 08:06:46
90537,2024-01-27 08:13:44
49427,2024-01-27 08:18:36
11507,2024-01-27 08:28:33
89462,2024-01-27 08:34:35
96296,2024-01-27 08:38:49
53384,2024-01-27 08:45:19
27289,2024-01-27 08:55:32
3311,2024-01-27 09:12:48
49974,2024-01-27 09:18:39
23573,2024-01-27 09:36:50
19024,2024-01-27 09:37:06
15099,2024-01-27 09:38:46
27146,2024-01-27 09:51:37
56209,2024-01-27 10:20:02
99282,2024-01-27 10:24:38
95058,2024-01-27 10:26:29
60418,2024-01-27 10:35:39
92551,2024-01-27 10:45:26
99054,2024-01-27 10:47:44
27162,2024-01-27 10:55:34
7575,2024-01-27 11:05:41
13286,2024-01-27 11:17:51
35680,2024-01-27 11:25:21
26584,2024-01-27 11:31:55
17236,2024-01-27 11:32:07
64268,2024-01-27 11:33:46
92619,2024-01-27 11:37:09
25188,2024-01-27 11:52:32
49109,2024-01-27 12:09:40
78363,2024-01-27 12:25:24
71752,2024-01-27 12:26:15
83895,2024-01-27 12:29:38
14141,2024-01-27 12:39:41
93549,2024-01-27 12:48:48
34386,2024-01-27 12:51:02
61879,2024-01-27 13:01:28
42652,2024-01-27 13:01:42
36108,2024-01-27 13:03:24
67519,2024-01-27 13:13:55
31228,2024-01-27 13:31:59
84479,2024-01-27 13:50:57
29649,2024-01-27 13:56:56
42825,2024-01-27 14:00:43
84627,2024-01-27 14:03:48
65162,2024-01-27 14:07:06
38956,2024-01-27 14:09:01
63859,2024-01-27 14:24:01
28984,2024-01-27 14:36:16
79678,2024-01-27 14:36:23
19541,2024-01-27 14:38:04
29870,2024-01-27 14:49:03
56221,2024-01-27 14:58:36
31784,2024-01-27 15:16:39
45248,2024-01-27 15:43:21
27162,2024-01-27 15:43:54
97844,2024-01-27 16:08:20
65150,2024-01-27 16:58:33
25607,2024-01-27 17:04:54
97246,2024-01-27 17:14:42
3239,2024-01-27 17:18:03
97537,2024-01-27 17:22:05
77444,2024-01-27 17:35:50
61551,2024-01-27 17:43:54
10884,2024-01-27 17:49:16
23912,2024-01-27 17:54:56
65016,2024-01-27 18:04:05
29108,2024-01-27 18:06:14
63859,2024-01-27 18:07:21
39783,2024-01-27 18:10:30
45551,2024-01-27 18:19:01
37233,2024-01-27 18:43:21
32707,2024-01-27 18:46:08
34386,2024-01-27 18:51:11
76412,2024-01-27 19:06:55
40241,2024-01-27 19:14:00
55835,2024-01-27 19:28:50
64900,2024-01-27 19:29:23
56221,2024-01-27 19:30:43
19716,2024-01-27 19:33:46
16360,2024-01-27 19:44:08
58073,2024-01-27 20:30:52
87473,2024-01-27 20:38:14
37233,2024-01-27 20:47:26
53630,2024-01-27 21:00:32
86382,2024-01-27 21:11:43
93091,2024-01-27 21:22:13
58213,2024-01-27 22:19:26
50179,2024-01-27 22:19:35
30356,2024-01-27 22:19:39
26442,2024-01-27 22:22:36
31767,2024-01-27 22:57:05
61947,2024-01-27 22:58:43
93431,2024-01-27 22:59:53
25979,2024-01-27 23:28:01
68186,2024-01-27 23:58:23
30358,2024-01-28 00:33:48
29463,2024-01-28 01:03:46
50283,2024-01-28 02:15:35
76248,2024-01-28 02:50:46
6057,2024-01-28 02:53:12
23626,2024-01-28 02:53:34
15917,2024-01-28 03:09:40
15413,2024-01-28 03:36:01
33772,2024-01-28 03:49:06
92669,2024-01-28 03:56:18
7079,2024-01-28 05:59:02
13000,2024-01-28 06:36:59
64268,2024-01-28 07:19:33
21785,2024-01-28 07:41:09
29403,2024-01-28 08:07:23
90135,2024-01-28 08:18:10
44656,2024-01-28 08:28:17
40453,2024-01-28 08:46:27
92619,2024-01-28 08:52:48
92444,2024-01-28 09:10:31
23516,2024-01-28 09:35:07
85712,2024-01-28 09:38:18
32205,2024-01-28 09:42:47
67500,2024-01-28 09:48:08
8556,2024-01-28 09:54:46
71392,2024-01-28 10:05:14
71242,2024-01-28 10:19:58
98184,2024-01-28 10:31:38
36108,2024-01-28 11:12:17
32643,2024-01-28 11:21:30
60303,2024-01-28 11:22:18
14880,2024-01-28 11:47:13
69981,2024-01-28 12:02:44
77677,2024-01-28 12:05:09
36532,2024-01-28 12:31:23
24716,2024-01-28 12:35:07
74804,2024-01-28 12:35:41
35093,2024-01-28 13:35:13
55102,2024-01-28 13:36:08
72894,2024-01-28 13:37:10
1539,2024-01-28 13:39:02
75554,2024-01-28 14:04:08
508,2024-01-28 14:11:08
28564,2024-01-28 14:11:47
65939,2024-01-28 14:12:29
35050,2024-01-28 14:14:54
43896,2024-01-28 14:16:05
58524,2024-01-28 14:22:03
3437,2024-01-28 14:43:39
94187,2024-01-28 14:48:41
99282,2024-01-28 15:23:04
70463,2024-01-28 15:28:45
77176,2024-01-28 15:29:51
76412,2024-01-28 15:47:00
82801,2024-01-28 16:10:29
54237,2024-01-28 16:13:01
83028,2024-01-28 16:27:00
43927,2024-01-28 16:28:52
51687,2024-01-28 16:30:20
10536,2024-01-28 17:10:48
13090,2024-01-28 17:26:24
76980,2024-01-28 17:26:56
4096,2024-01-28 18:40:15
16555,2024-01-28 18:41:23
97708,2024-01-28 18:42:10
99929,2024-01-28 18:48:17
59959,2024-01-28 18:49:05
94187,2024-01-28 18:58:31
43896,2024-01-28 19:07:48
64228,2024-01-28 19:58:25
19493,2024-01-28 20:11:23
61175,2024-01-28 20:24:53
61561,2024-01-28 20:30:20
54237,2024-01-28 20:35:14
12592,2024-01-28 20:43:45
4247,2024-01-28 20:44:45
77236,2024-01-28 20:48:13
68358,2024-01-28 20:49:28
804,2024-01-28 22:11:34
48763,2024-01-28 22:23:02
7673,2024-01-28 22:26:53
1539,2024-01-28 22:38:02
3263,2024-01-28 22:45:53
52314,2024-01-28 22:55:12
38372,2024-01-28 22:58:38
22911,2024-01-28 23:17:32
74717,2024-01-28 23:41:25
13870,2024-01-28 23:58:15
37802,2024-01-29 00:11:58
51321,2024-01-29 00:42:26
60555,2024-01-29 00:44:24
1274,2024-01-29 01:02:13
55102,2024-01-29 01:25:12
12567,2024-01-29 01:56:11
39094,2024-01-29 01:56:52
29649,2024-01-29 02:22:15
69414,2024-01-29 02:56:51
77176,2024-01-29 03:01:24
29004,2024-01-29 03:12:14
58855,2024-01-29 03:14:12
99768,2024-01-29 04:01:05
12265,2024-01-29 04:08:26
62713,2024-01-29 04:18:21
54197,2024-01-29 04:20:06
15099,2024-01-29 04:20:18
75647,2024-01-29 05:08:07
24579,2024-01-29 05:53:40
38725,2024-01-29 06:20:53
64228,2024-01-29 06:21:20
74325,2024-01-29 06:41:00
16149,2024-01-29 06:59:14
70301,2024-01-29 07:16:56
12567,2024-01-29 07:37:08
2975,2024-01-29 07:39:18
49109,2024-01-29 07:44:38
42825,2024-01-29 08:00:25
37046,2024-01-29 08:19:46
60545,2024-01-29 08:27:08
35374,2024-01-29 08:40:02
51286,2024-01-29 08:42:37
37336,2024-01-29 08:44:15
45612,2024-01-29 08:45:19
96957,2024-01-29 09:15:25
1550,2024-01-29 09:15:37
51935,2024-01-29 09:16:59
63667,2024-01-29 09:25:29
47828,2024-01-29 09:52:12
94038,2024-01-29 09:55:45
68863,2024-01-29 10:07:15
1190,2024-01-29 10:17:50
55877,2024-01-29 10:31:49
39000,2024-01-29 10:36:49
68712,2024-01-29 11:00:59
79654,2024-01-29 11:02:46
19493,2024-01-29 11:05:34
96244,2024-01-29 11:05:42
35374,2024-01-29 11:15:25
88922,2024-01-29 11:37:53
7893,2024-01-29 11:53:31
32135,2024-01-29 11:55:44
21724,2024-01-29 12:04:38
21505,2024-01-29 12:05:52
56146,2024-01-29 12:27:18
56150,2024-01-29 12:30:47
36621,2024-01-29 12:57:49
38718,2024-01-29 12:58:11
45248,2024-01-29 12:59:46
95729,2024-01-29 13:05:15
62894,2024-01-29 13:11:14
78799,2024-01-29 13:13:42
92444,2024-01-29 13:31:31
70418,2024-01-29 13:31:33
37965,2024-01-29 14:00:50
90973,2024-01-29 14:07:17
63973,2024-01-29 14:39:03
17680,2024-01-29 15:09:31
10990,2024-01-29 15:17:02
42615,2024-01-29 15:23:11
51747,2024-01-29 15:32:04
1513,2024-01-29 15:34:30
1539,2024-01-29 15:40:59
97837,2024-01-29 15:54:40
76050,2024-01-29 16:11:14
68013,2024-01-29 16:17:20
5597,2024-01-29 16:21:12
84143,2024-01-29 16:23:30
75423,2024-01-29 16:36:46
67859,2024-01-29 16:43:45
29403,2024-01-29 17:01:25
8419,2024-01-29 17:02:36
36486,2024-01-29 17:04:38
30066,2024-01-29 17:17:49
56457,2024-01-29 17:24:34
39094,2024-01-29 17:28:34
5314,2024-01-29 17:40:13
31228,2024-01-29 17:44:10
87473,2024-01-29 17:51:39
83310,2024-01-29 17:58:06
21724,2024-01-29 18:01:07
60555,2024-01-29 18:21:50
37135,2024-01-29 18:38:04
92557,2024-01-29 18:59:43
44472,2024-01-29 19:20:00
37051,2024-01-29 19:22:18
70463,2024-01-29 19:38:37
97537,2024-01-29 19:52:22
56651,2024-01-29 20:30:03
49500,2024-01-29 20:37:58
99929,2024-01-29 20:45:07
42418,2024-01-29 21:24:10
84343,2024-01-29 21:55:03
66655,2024-01-29 22:04:40
4630,2024-01-29 22:20:15
62022,2024-01-29 22:26:56
79829,2024-01-29 22:39:10
9558,2024-01-29 22:47:43
9876,2024-01-29 22:54:56
39877,2024-01-29 23:04:13
13090,2024-01-29 23:06:03
1282,2024-01-29 23:06:32
39211,2024-01-29 23:21:17
33423,2024-01-29 23:23:12
67975,2024-01-29 23:28:28
55835,2024-01-29 23:29:43
34499,2024-01-29 23:31:37
15785,2024-01-29 23:33:09
3311,2024-01-29 23:48:35
58802,2024-01-29 23:52:29
87735,2024-01-29 23:57:37
23374,2024-01-30 00:09:06
40646,2024-01-30 00:20:42
74072,2024-01-30 00:38:01
38573,2024-01-30 00:47:28
61580,2024-01-30 01:15:32
71063,2024-01-30 01:22:34
15638,2024-01-30 01:23:25
44782,2024-01-30 01:37:19
36104,2024-01-30 01:43:20
51810,2024-01-30 02:02:19
25834,2024-01-30 02:11:12
21157,2024-01-30 02:36:26
20139,2024-01-30 02:46:57
67519,2024-01-30 02:50:54
31468,2024-01-30 02:54:01
78004,2024-01-30 03:14:31
3487,2024-01-30 03:36:40
33801,2024-01-30 03:53:45
62022,2024-01-30 04:20:22
60992,2024-01-30 04:40:19
44707,2024-01-30 06:16:44
71242,2024-01-30 06:30:00
49500,2024-01-30 06:30:50
82190,2024-01-30 07:03:56
70301,2024-01-30 07:30:37
84081,2024-01-30 08:26:48
99251,2024-01-30 08:29:53
73657,2024-01-30 08:34:08
31200,2024-01-30 08:38:56
36621,2024-01-30 09:08:24
29289,2024-01-30 09:10:32
86112,2024-01-30 09:31:34
8000,2024-01-30 09:34:54
64268,2024-01-30 09:42:03
95497,2024-01-30 10:09:41
44472,2024-01-30 10:11:14
99831,2024-01-30 10:13:10
62769,2024-01-30 10:21:10
39858,2024-01-30 11:31:35
87883,2024-01-30 11:34:11
89009,2024-01-30 11:42:03
43977,2024-01-30 11:56:47
92667,2024-01-30 11:56:56
81270,2024-01-30 12:16:00
88266,2024-01-30 12:26:28
13128,2024-01-30 12:28:53
51321,2024-01-30 12:35:00
7079,2024-01-30 12:45:46
43790,2024-01-30 13:04:16
79391,2024-01-30 13:20:50
70287,2024-01-30 13:43:29
54607,2024-01-30 13:53:03
35344,2024-01-30 13:59:34
87078,2024-01-30 14:03:33
10990,2024-01-30 14:09:30
82768,2024-01-30 14:10:38
33336,2024-01-30 14:37:48
46272,2024-01-30 14:46:37
6011,2024-01-30 14:47:36
45417,2024-01-30 15:03:59
2804,2024-01-30 15:10:20
64278,2024-01-30 15:12:01
91479,2024-01-30 15:16:16
45417,2024-01-30 15:23:10
82820,2024-01-30 15:28:08
85408,2024-01-30 15:30:25
45348,2024-01-30 15:37:54
34613,2024-01-30 15:45:36
29289,2024-01-30 15:54:52
94310,2024-01-30 15:57:27
3239,2024-01-30 16:12:28
18082,2024-01-30 16:20:00
6871,2024-01-30 16:20:11
68712,2024-01-30 16:36:41
64925,2024-01-30 16:37:16
24787,2024-01-30 16:44:15
93122,2024-01-30 16:46:21
33714,2024-01-30 16:48:41
99831,2024-01-30 17:21:13
24282,2024-01-30 17:23:45
30210,2024-01-30 17:42:30
29289,2024-01-30 17:42:51
9196,2024-01-30 17:43:57
40351,2024-01-30 17:56:32
78859,2024-01-30 18:31:12
10932,2024-01-30 18:44:46
932,2024-01-30 18:52:12
55835,2024-01-30 19:26:23
56150,2024-01-30 19:42:03
98789,2024-01-30 19:57:03
24450,2024-01-30 20:03:36
27726,2024-01-30 20:08:02
47851,2024-01-30 20:12:40
14350,2024-01-30 20:28:44
42825,2024-01-30 20:30:49
51757,2024-01-30 20:40:18
75554,2024-01-30 20:52:16
10778,2024-01-30 21:10:33
97708,2024-01-30 21:15:38
19632,2024-01-30 21:25:47
62562,2024-01-30 21:29:12
66986,2024-01-30 21:49:15
43790,2024-01-30 21:50:22
39094,2024-01-30 22:00:45
39877,2024-01-30 22:23:54
34233,2024-01-30 22:25:57
38913,2024-01-30 22:27:27
1190,2024-01-30 23:29:02
36279,2024-01-30 23:42:51
99768,2024-01-31 00:06:06
57564,2024-01-31 01:01:58
74102,2024-01-31 01:07:45
32643,2024-01-31 01:19:01
55466,2024-01-31 01:28:19
65939,2024-01-31 02:13:34
32596,2024-01-31 02:16:48
20191,2024-01-31 02:59:06
93091,2024-01-31 02:59:57
21785,2024-01-31 03:52:00
29108,2024-01-31 04:04:57
80117,2024-01-31 04:09:33
50411,2024-01-31 04:14:07
36154,2024-01-31 04:22:18
4096,2024-01-31 04:22:54
91280,2024-01-31 05:30:48
95562,2024-01-31 05:51:33
52558,2024-01-31 06:00:19
46824,2024-01-31 06:51:03
9340,2024-01-31 07:10:41
46050,2024-01-31 07:25:30
72802,2024-01-31 07:29:56
7005,2024-01-31 07:32:08
61580,2024-01-31 08:00:33
74804,2024-01-31 08:06:14
16251,2024-01-31 08:10:30
39783,2024-01-31 08:26:25
16360,2024-01-31 08:28:55
1539,2024-01-31 08:50:37
65016,2024-01-31 08:58:16
7575,2024-01-31 09:03:28
36233,2024-01-31 09:05:21
3339,2024-01-31 09:15:35
96873,2024-01-31 09:21:53
75513,2024-01-31 09:22:21
20894,2024-01-31 09:44:27
29108,2024-01-31 09:57:09
43401,2024-01-31 10:10:31
48261,2024-01-31 10:32:11
61979,2024-01-31 10:50:42
24158,2024-01-31 10:54:15
32643,2024-01-31 11:00:55
97246,2024-01-31 11:13:42
74325,2024-01-31 11:24:04
31162,2024-01-31 11:24:51
13291,2024-01-31 11:29:51
67751,2024-01-31 11:36:45
90345,2024-01-31 12:16:03
38165,2024-01-31 12:25:02
82610,2024-01-31 12:27:30
65016,2024-01-31 12:34:50
3784,2024-01-31 12:54:01
15292,2024-01-31 13:09:17
88319,2024-01-31 13:41:18
48261,2024-01-31 14:14:17
36026,2024-01-31 14:15:38
44973,2024-01-31 14:20:24
1675,2024-01-31 14:29:48
35050,2024-01-31 14:36:38
42825,2024-01-31 14:43:07
94310,2024-01-31 14:56:45
6896,2024-01-31 15:03:07
53630,2024-01-31 15:28:09
92669,2024-01-31 15:29:02
27289,2024-01-31 15:44:54
30358,2024-01-31 15:57:29
20139,2024-01-31 16:01:31
43329,2024-01-31 16:34:20
34502,2024-01-31 16:42:45
60303,2024-01-31 17:21:08
61561,2024-01-31 17:38:08
56150,2024-01-31 17:51:47
99831,2024-01-31 17:58:23
17943,2024-01-31 18:02:23
3598,2024-01-31 18:06:57
27876,2024-01-31 18:16:44
22417,2024-01-31 19:03:39
74765,2024-01-31 19:05:21
65150,2024-01-31 19:21:39
49109,2024-01-31 19:38:50
70287,2024-01-31 19:47:48
45712,2024-01-31 19:48:05
12080,2024-01-31 19:59:03
90103,2024-01-31 20:02:24
68756,2024-01-31 20:35:10
38573,2024-01-31 20:49:22
9558,2024-01-31 20:57:05
40285,2024-01-31 20:57:43
51321,2024-01-31 20:59:27
43072,2024-01-31 21:03:46
51687,2024-01-31 21:18:44
18243,2024-01-31 21:20:16
16555,2024-01-31 21:33:31
39769,2024-01-31 21:34:16
65249,2024-01-31 21:38:31
70873,2024-01-31 21:52:17
74036,2024-01-31 21:55:09
56125,2024-01-31 21:55:46
30925,2024-01-31 21:56:27
65170,2024-01-31 22:09:47
72878,2024-01-31 22:16:46
82706,2024-01-31 22:18:43
92619,2024-01-31 22:27:32
98531,2024-01-31 22:27:49
57683,2024-01-31 22:29:22
63973,2024-01-31 22:33:03
56844,2024-01-31 22:44:56
95562,2024-01-31 23:08:35
98423,2024-01-31 23:14:25
97837,2024-01-31 23:16:38
39707,2024-01-31 23:46:14
11906,2024-01-31 23:57:46
