user_id,session_start_dttm,test_high_contrast_bucket,desktop_flag,satisfaction_metric,session_duration_min,purchase_flag,purchase_amount_rub
99202,2024-05-15 00:16:51,,0,,6,0,0
33955,2024-05-15 00:21:16,,0,,12,0,0
8044,2024-05-15 00:25:22,,0,,6,0,0
51796,2024-05-15 00:29:37,,0,,7,0,0
32830,2024-05-15 01:57:27,,0,,7,1,163
12603,2024-05-15 02:11:50,,0,,7,0,0
83298,2024-05-15 02:45:50,,0,,8,0,0
1010,2024-05-15 02:56:26,,0,,6,0,0
98399,2024-05-15 03:23:00,,0,,5,1,224
70314,2024-05-15 03:32:06,,1,,6,0,0
51666,2024-05-15 03:34:00,,0,,5,0,0
90194,2024-05-15 03:47:31,,0,,7,1,546
53473,2024-05-15 03:47:36,,0,,7,0,0
21919,2024-05-15 04:11:32,,0,,5,0,0
77029,2024-05-15 04:30:32,,1,,4,0,0
8769,2024-05-15 04:47:29,,1,,6,1,327
74796,2024-05-15 04:48:39,,0,,5,0,0
53915,2024-05-15 05:12:28,,0,,7,0,0
50395,2024-05-15 05:21:52,,0,,2,0,0
23629,2024-05-15 05:42:25,,0,,6,0,0
34431,2024-05-15 06:01:29,,1,,3,0,0
31156,2024-05-15 06:04:30,,1,,12,0,0
46541,2024-05-15 06:27:22,,0,,4,1,254
59460,2024-05-15 07:13:42,,0,,7,0,0
92777,2024-05-15 07:22:56,,0,,2,1,268
75454,2024-05-15 07:31:25,,1,,2,0,0
66101,2024-05-15 07:46:36,,0,,7,0,0
99825,2024-05-15 07:49:52,,1,,5,1,344
49561,2024-05-15 08:17:35,,1,,5,0,0
89509,2024-05-15 08:24:18,,0,,6,0,0
62181,2024-05-15 08:56:15,,1,,5,0,0
71437,2024-05-15 09:02:18,,0,,8,0,0
63446,2024-05-15 09:02:24,,0,,7,1,302
80700,2024-05-15 09:19:43,,0,,5,0,0
71895,2024-05-15 09:21:30,,1,,6,1,329
52156,2024-05-15 09:27:10,,0,,6,1,439
2894,2024-05-15 09:47:56,,0,,4,0,0
4366,2024-05-15 09:50:31,,0,,3,0,0
61745,2024-05-15 10:01:23,,1,,7,0,0
41082,2024-05-15 10:03:21,,0,,6,1,441
96712,2024-05-15 10:13:38,,0,,2,1,470
90706,2024-05-15 10:27:45,,1,,7,1,317
54698,2024-05-15 10:30:54,,0,,5,1,171
49070,2024-05-15 10:32:00,,0,,2,0,0
27318,2024-05-15 10:41:54,,0,,3,1,372
77238,2024-05-15 10:47:47,,0,,9,0,0
53304,2024-05-15 10:55:50,,1,,5,0,0
34431,2024-05-15 11:29:36,,0,,4,1,436
64450,2024-05-15 11:34:29,,1,,5,0,0
95022,2024-05-15 11:38:48,,1,,9,1,248
90194,2024-05-15 11:47:46,,0,,8,0,0
71747,2024-05-15 11:53:19,,0,,4,0,0
20395,2024-05-15 11:56:28,,0,,4,0,0
60166,2024-05-15 12:03:42,,0,,7,0,0
1979,2024-05-15 12:03:43,,0,,4,0,0
91405,2024-05-15 12:13:03,,1,,6,0,0
17637,2024-05-15 12:16:05,,1,,6,0,0
82234,2024-05-15 12:19:28,,0,,2,0,0
53915,2024-05-15 12:33:43,,1,,5,0,0
65306,2024-05-15 12:34:53,,0,,5,0,0
71895,2024-05-15 12:43:34,,0,,6,0,0
47203,2024-05-15 12:43:44,,0,,8,0,0
75296,2024-05-15 12:44:51,,0,,5,1,185
64450,2024-05-15 12:56:50,,0,,2,1,293
29831,2024-05-15 13:05:09,,1,,5,0,0
1768,2024-05-15 13:16:01,,0,,4,0,0
88013,2024-05-15 13:25:36,,0,,2,1,552
35671,2024-05-15 13:27:05,,1,,10,0,0
87064,2024-05-15 13:37:22,,0,,4,0,0
17328,2024-05-15 13:38:42,,1,,2,0,0
8135,2024-05-15 13:39:33,,0,,5,1,326
50615,2024-05-15 14:24:38,,0,,4,0,0
54205,2024-05-15 14:31:16,,0,,6,0,0
96079,2024-05-15 14:47:09,,0,,8,0,0
73793,2024-05-15 14:53:21,,0,,5,1,389
43133,2024-05-15 15:08:33,,0,,8,1,171
68395,2024-05-15 15:10:14,,1,,9,0,0
88610,2024-05-15 15:22:38,,0,,4,0,0
40072,2024-05-15 15:24:46,,1,,7,1,214
78231,2024-05-15 15:32:59,,1,,4,0,0
36191,2024-05-15 15:33:25,,0,,1,1,293
8135,2024-05-15 15:36:07,,1,,7,0,0
18481,2024-05-15 15:54:06,,0,,9,0,0
60316,2024-05-15 15:55:52,,0,,6,0,0
78592,2024-05-15 15:57:04,,0,,9,0,0
83,2024-05-15 16:06:39,,0,,8,1,266
63079,2024-05-15 16:07:51,,0,,10,0,0
21924,2024-05-15 16:21:48,,1,,10,0,0
36885,2024-05-15 16:25:21,,0,,9,0,0
55558,2024-05-15 16:35:59,,1,,4,1,190
20850,2024-05-15 16:55:33,,0,,7,1,184
55806,2024-05-15 17:01:42,,0,,8,0,0
79349,2024-05-15 17:02:08,,0,,7,0,0
24059,2024-05-15 17:03:20,,0,,1,1,332
75582,2024-05-15 17:03:20,,0,,7,0,0
7936,2024-05-15 17:10:08,,0,,6,0,0
46323,2024-05-15 17:41:12,,0,,4,1,283
46648,2024-05-15 17:55:33,,0,,6,1,466
23304,2024-05-15 17:57:32,,0,,5,0,0
75296,2024-05-15 18:06:35,,0,,8,1,330
79349,2024-05-15 18:38:20,,0,,9,1,400
60174,2024-05-15 18:44:32,,0,,3,1,268
61286,2024-05-15 18:52:46,,0,,4,0,0
42548,2024-05-15 19:22:49,,0,,2,0,0
61835,2024-05-15 19:34:42,,0,,10,0,0
70471,2024-05-15 19:34:46,,1,,3,0,0
6439,2024-05-15 19:34:50,,0,,7,0,0
11031,2024-05-15 19:36:34,,0,,4,1,165
10955,2024-05-15 19:41:22,,0,,6,0,0
76807,2024-05-15 19:49:43,,1,,10,1,461
52930,2024-05-15 19:51:55,,0,,9,0,0
69292,2024-05-15 20:02:43,,0,,6,0,0
49381,2024-05-15 20:02:49,,0,,8,0,0
42534,2024-05-15 20:07:34,,1,,5,1,238
42241,2024-05-15 20:16:32,,0,,6,1,339
28681,2024-05-15 20:21:31,,0,,7,1,250
87064,2024-05-15 20:35:14,,1,,4,1,265
940,2024-05-15 20:43:59,,0,,7,1,328
59345,2024-05-15 20:47:51,,0,,7,0,0
8310,2024-05-15 20:50:10,,0,,5,0,0
11140,2024-05-15 20:52:30,,0,,9,0,0
85730,2024-05-15 20:58:01,,0,,5,0,0
56125,2024-05-15 21:12:48,,0,,3,0,0
68141,2024-05-15 21:16:28,,0,,2,0,0
82405,2024-05-15 21:22:02,,1,,4,0,0
88837,2024-05-15 21:22:27,,0,,4,0,0
38695,2024-05-15 21:33:17,,0,,4,0,0
75718,2024-05-15 21:47:22,,1,,4,1,322
54631,2024-05-15 21:50:04,,1,,7,0,0
31445,2024-05-15 21:56:16,,0,,10,1,458
13544,2024-05-15 22:13:42,,0,,6,0,0
64353,2024-05-15 22:15:16,,0,,5,0,0
63658,2024-05-15 22:17:44,,0,,3,1,249
40264,2024-05-15 22:23:29,,0,,6,0,0
52346,2024-05-15 22:38:04,,1,,8,1,164
8591,2024-05-15 22:40:15,,0,,5,1,444
84683,2024-05-15 22:45:21,,1,,4,0,0
13187,2024-05-15 22:54:44,,1,,6,0,0
49199,2024-05-15 22:55:59,,0,,8,0,0
76004,2024-05-15 22:58:05,,1,,10,0,0
35185,2024-05-15 23:08:39,,1,,8,1,336
1472,2024-05-15 23:12:36,,0,,8,0,0
9470,2024-05-15 23:14:15,,0,,7,0,0
65907,2024-05-15 23:16:49,,1,,7,1,502
44421,2024-05-15 23:16:54,,0,,3,0,0
71411,2024-05-15 23:17:30,,0,,2,0,0
76200,2024-05-15 23:25:37,,1,,12,0,0
91948,2024-05-15 23:27:01,,1,,3,0,0
17225,2024-05-15 23:29:30,,0,,5,0,0
37924,2024-05-15 23:38:40,,1,,6,0,0
29213,2024-05-15 23:54:11,,0,,5,0,0
82205,2024-05-16 00:07:59,,0,,4,0,0
98170,2024-05-16 00:24:20,,1,,4,0,0
56278,2024-05-16 00:32:51,,0,,6,0,0
53821,2024-05-16 00:32:54,,0,,9,0,0
50018,2024-05-16 00:38:32,,1,,9,0,0
94427,2024-05-16 00:46:11,,0,,9,1,345
64011,2024-05-16 00:47:32,,0,,9,0,0
65977,2024-05-16 01:08:27,,0,,5,0,0
3030,2024-05-16 01:09:55,,1,,5,0,0
46967,2024-05-16 01:58:18,,0,,4,0,0
94302,2024-05-16 02:15:58,,0,,4,1,446
33519,2024-05-16 02:24:17,,0,,8,0,0
46221,2024-05-16 02:32:32,,0,,8,0,0
5908,2024-05-16 02:33:54,,1,,5,0,0
36443,2024-05-16 02:52:08,,1,,3,1,264
71895,2024-05-16 03:45:55,,0,,4,1,351
89244,2024-05-16 04:05:14,,0,,3,0,0
55422,2024-05-16 04:30:41,,0,,4,1,377
54698,2024-05-16 05:02:58,,1,,7,0,0
62893,2024-05-16 05:14:16,,0,,3,0,0
8044,2024-05-16 05:20:44,,1,,8,1,322
17378,2024-05-16 05:26:07,,0,,4,1,174
30360,2024-05-16 05:31:04,,1,,5,1,198
39101,2024-05-16 05:33:13,,0,,6,0,0
20853,2024-05-16 05:36:55,,0,,7,0,0
53683,2024-05-16 06:05:14,,0,,5,0,0
2447,2024-05-16 06:56:54,,1,,3,0,0
98319,2024-05-16 07:07:57,,0,,7,0,0
67542,2024-05-16 07:09:41,,1,,7,1,215
6659,2024-05-16 07:42:13,,1,,7,0,0
37122,2024-05-16 08:00:05,,0,,5,1,248
23351,2024-05-16 08:14:26,,0,,3,0,0
14777,2024-05-16 08:48:08,,1,,4,1,296
92777,2024-05-16 08:48:22,,0,,5,1,274
85042,2024-05-16 08:53:19,,0,,4,0,0
50220,2024-05-16 09:07:07,,0,,3,0,0
17637,2024-05-16 09:11:35,,1,,8,0,0
53925,2024-05-16 09:18:27,,0,,7,0,0
13067,2024-05-16 09:23:20,,1,,6,0,0
72971,2024-05-16 09:24:13,,1,,5,0,0
23351,2024-05-16 09:33:18,,1,,8,0,0
25788,2024-05-16 09:45:41,,0,,9,0,0
76274,2024-05-16 09:58:28,,0,,6,0,0
55558,2024-05-16 10:15:55,,0,,8,0,0
22864,2024-05-16 10:31:34,,0,,6,0,0
22348,2024-05-16 10:33:03,,0,,2,0,0
44194,2024-05-16 10:43:03,,1,,4,1,1021
67448,2024-05-16 10:47:26,,0,,2,1,263
12455,2024-05-16 10:53:14,,0,,10,0,0
69642,2024-05-16 10:55:43,,0,,6,0,0
8367,2024-05-16 10:57:59,,0,,8,0,0
6389,2024-05-16 11:01:15,,1,,8,0,0
25489,2024-05-16 11:07:14,,0,,6,1,241
71895,2024-05-16 11:09:44,,0,,7,1,238
14777,2024-05-16 11:14:52,,0,,8,1,273
16909,2024-05-16 11:40:58,,0,,7,0,0
17869,2024-05-16 11:45:49,,1,,6,0,0
92777,2024-05-16 12:10:34,,0,,7,0,0
43354,2024-05-16 12:21:20,,0,,4,0,0
90756,2024-05-16 12:36:36,,0,,7,0,0
55663,2024-05-16 12:45:08,,0,,4,1,561
78119,2024-05-16 12:48:24,,1,,8,1,255
90194,2024-05-16 12:55:09,,1,,5,0,0
40898,2024-05-16 13:02:13,,1,,2,0,0
35543,2024-05-16 13:07:28,,0,,8,0,0
23980,2024-05-16 13:12:23,,0,,6,0,0
11914,2024-05-16 13:17:28,,1,,5,0,0
95810,2024-05-16 13:36:31,,0,,5,1,287
52822,2024-05-16 14:03:34,,0,,10,0,0
43202,2024-05-16 14:12:53,,0,,3,0,0
24921,2024-05-16 14:41:34,,0,,4,0,0
38744,2024-05-16 14:57:27,,0,,4,0,0
44592,2024-05-16 15:33:10,,0,,6,0,0
96450,2024-05-16 15:42:14,,1,,1,1,807
36220,2024-05-16 16:11:04,,0,,8,0,0
43010,2024-05-16 16:16:57,,0,,4,1,545
60689,2024-05-16 16:26:08,,1,,4,0,0
11853,2024-05-16 16:29:42,,0,,1,1,220
46323,2024-05-16 16:31:07,,0,,7,0,0
22005,2024-05-16 16:35:01,,0,,4,0,0
36560,2024-05-16 16:37:23,,0,,6,1,330
64353,2024-05-16 16:57:19,,0,,5,0,0
78231,2024-05-16 17:01:41,,0,,4,0,0
85631,2024-05-16 17:07:02,,1,,4,1,334
50395,2024-05-16 17:07:10,,0,,5,1,315
18641,2024-05-16 17:15:54,,0,,4,1,216
91689,2024-05-16 17:25:08,,0,,6,0,0
24251,2024-05-16 17:28:19,,0,,9,1,377
88727,2024-05-16 17:33:04,,1,,8,1,135
59851,2024-05-16 17:36:52,,0,,6,1,232
6267,2024-05-16 17:58:33,,0,,9,1,289
22294,2024-05-16 18:09:03,,1,,7,0,0
38246,2024-05-16 18:27:52,,1,,7,0,0
97069,2024-05-16 18:32:02,,0,,3,0,0
24835,2024-05-16 18:33:26,,1,,5,0,0
72431,2024-05-16 18:54:31,,0,,8,0,0
62941,2024-05-16 19:04:22,,0,,3,0,0
97773,2024-05-16 19:12:20,,0,,1,0,0
74103,2024-05-16 19:17:01,,0,,14,1,319
70824,2024-05-16 19:41:29,,0,,5,0,0
59670,2024-05-16 19:41:49,,1,,7,1,466
18737,2024-05-16 19:51:47,,1,,4,0,0
32290,2024-05-16 19:57:23,,0,,4,0,0
13311,2024-05-16 20:11:25,,0,,9,0,0
90156,2024-05-16 20:25:35,,0,,7,0,0
37165,2024-05-16 20:27:41,,0,,7,0,0
92936,2024-05-16 20:30:15,,1,,1,0,0
27982,2024-05-16 20:37:56,,0,,5,1,272
80185,2024-05-16 21:08:52,,1,,8,0,0
11517,2024-05-16 21:15:47,,0,,5,0,0
34382,2024-05-16 21:17:10,,0,,9,0,0
29898,2024-05-16 21:21:46,,0,,4,0,0
50615,2024-05-16 21:26:07,,1,,7,1,199
1740,2024-05-16 21:30:51,,0,,7,0,0
78381,2024-05-16 21:38:12,,0,,4,0,0
80896,2024-05-16 21:47:14,,0,,4,1,330
70115,2024-05-16 21:49:55,,0,,5,0,0
8367,2024-05-16 21:52:46,,0,,4,0,0
93791,2024-05-16 21:58:39,,0,,7,0,0
46071,2024-05-16 22:09:57,,0,,12,0,0
3192,2024-05-16 22:10:21,,0,,5,0,0
9838,2024-05-16 22:22:41,,0,,5,0,0
2818,2024-05-16 22:32:18,,1,,9,1,233
88854,2024-05-16 22:42:47,,1,,5,1,643
92586,2024-05-16 22:45:13,,0,,10,1,395
68141,2024-05-16 22:49:39,,0,,5,1,265
53821,2024-05-16 22:56:55,,0,,9,1,257
3062,2024-05-16 23:00:10,,0,,9,1,416
21620,2024-05-16 23:15:08,,0,,8,1,342
59508,2024-05-16 23:16:54,,1,,6,1,197
71437,2024-05-16 23:17:57,,0,,4,0,0
95805,2024-05-16 23:24:00,,1,,5,0,0
34154,2024-05-16 23:35:32,,0,,5,1,201
90943,2024-05-16 23:42:29,,0,,8,1,419
86003,2024-05-16 23:43:27,,1,,6,0,0
34170,2024-05-16 23:51:07,,1,,5,0,0
69725,2024-05-17 00:18:18,,0,,6,0,0
73789,2024-05-17 00:28:16,,1,,5,1,487
35868,2024-05-17 00:47:44,,0,,3,0,0
32212,2024-05-17 00:52:45,,0,,9,0,0
68395,2024-05-17 01:23:59,,0,,5,0,0
6757,2024-05-17 02:21:11,,1,,4,0,0
50395,2024-05-17 03:00:03,,0,,9,1,388
12096,2024-05-17 03:21:19,,1,,6,1,285
30239,2024-05-17 03:23:09,,0,,16,1,410
24835,2024-05-17 03:23:44,,0,,6,0,0
43583,2024-05-17 04:03:09,,1,,6,0,0
75841,2024-05-17 04:09:48,,0,,10,1,322
14822,2024-05-17 04:25:23,,0,,1,1,223
17691,2024-05-17 04:39:08,,1,,5,0,0
84619,2024-05-17 04:44:50,,0,,6,0,0
1010,2024-05-17 04:49:01,,0,,5,0,0
53215,2024-05-17 04:59:45,,1,,8,0,0
61835,2024-05-17 05:35:38,,1,,4,0,0
36187,2024-05-17 06:06:16,,0,,5,1,508
6584,2024-05-17 06:09:05,,1,,3,0,0
84647,2024-05-17 06:15:43,,0,,3,1,211
3978,2024-05-17 06:17:48,,0,,9,0,0
33319,2024-05-17 06:22:40,,0,,6,1,469
9838,2024-05-17 07:25:33,,1,,6,0,0
61630,2024-05-17 07:31:08,,1,,2,0,0
22689,2024-05-17 07:32:38,,0,,10,0,0
40181,2024-05-17 07:52:56,,1,,4,0,0
56693,2024-05-17 08:00:31,,0,,2,1,277
65180,2024-05-17 08:06:08,,0,,3,0,0
49056,2024-05-17 08:06:37,,0,,9,0,0
76962,2024-05-17 08:40:05,,0,,4,1,257
61752,2024-05-17 08:41:45,,0,,2,0,0
57786,2024-05-17 08:45:18,,0,,5,0,0
61437,2024-05-17 08:54:34,,0,,9,0,0
40567,2024-05-17 09:28:44,,0,,9,0,0
88013,2024-05-17 09:30:34,,0,,5,1,632
73302,2024-05-17 09:30:36,,1,,6,0,0
55851,2024-05-17 10:05:20,,0,,5,1,299
47401,2024-05-17 10:24:11,,0,,5,0,0
36558,2024-05-17 10:26:02,,0,,7,1,276
43500,2024-05-17 10:38:48,,0,,4,0,0
59005,2024-05-17 10:43:23,,0,,5,1,412
6659,2024-05-17 10:48:14,,1,,2,0,0
74792,2024-05-17 11:03:06,,1,,9,0,0
63852,2024-05-17 11:03:20,,0,,7,0,0
62680,2024-05-17 11:09:30,,1,,4,1,541
42402,2024-05-17 11:10:01,,1,,6,1,211
52073,2024-05-17 11:18:38,,0,,9,0,0
84264,2024-05-17 11:20:39,,0,,1,0,0
83483,2024-05-17 11:23:43,,0,,7,0,0
92586,2024-05-17 11:24:11,,0,,6,0,0
8135,2024-05-17 11:29:11,,0,,5,1,318
94379,2024-05-17 11:34:37,,0,,8,1,259
50470,2024-05-17 11:43:40,,0,,8,0,0
30947,2024-05-17 11:50:57,,1,,7,0,0
25661,2024-05-17 12:03:12,,0,,4,0,0
51082,2024-05-17 12:18:29,,1,,4,0,0
17068,2024-05-17 12:21:36,,0,,6,0,0
7085,2024-05-17 12:42:28,,0,,6,0,0
40804,2024-05-17 12:52:36,,0,,4,1,499
77848,2024-05-17 12:56:06,,0,,6,0,0
3375,2024-05-17 12:56:54,,0,,8,0,0
87757,2024-05-17 13:08:42,,1,,5,0,0
79093,2024-05-17 13:12:12,,0,,6,0,0
57436,2024-05-17 13:16:51,,0,,4,0,0
77029,2024-05-17 13:38:59,,0,,6,0,0
46700,2024-05-17 13:43:20,,1,,4,1,450
31513,2024-05-17 13:45:34,,0,,7,0,0
65355,2024-05-17 13:48:45,,0,,10,1,305
53473,2024-05-17 13:58:49,,1,,5,0,0
65299,2024-05-17 14:02:12,,0,,12,0,0
24996,2024-05-17 14:04:24,,0,,5,0,0
9838,2024-05-17 14:07:27,,0,,1,0,0
71779,2024-05-17 14:13:58,,1,,5,0,0
81159,2024-05-17 14:16:09,,0,,10,1,892
94611,2024-05-17 14:21:38,,0,,5,0,0
28681,2024-05-17 14:26:20,,0,,6,0,0
50018,2024-05-17 14:29:01,,1,,8,0,0
88278,2024-05-17 14:30:22,,0,,5,0,0
74579,2024-05-17 14:31:16,,0,,4,1,376
36572,2024-05-17 14:35:57,,1,,3,0,0
79093,2024-05-17 14:54:38,,0,,6,0,0
97069,2024-05-17 14:59:36,,0,,5,1,376
33596,2024-05-17 15:00:10,,1,,4,1,643
54698,2024-05-17 15:02:30,,0,,7,0,0
57397,2024-05-17 15:14:37,,0,,2,1,326
19343,2024-05-17 15:15:17,,0,,8,0,0
75691,2024-05-17 15:25:42,,0,,7,1,289
90756,2024-05-17 15:34:45,,0,,6,0,0
75718,2024-05-17 15:36:18,,1,,4,1,343
92284,2024-05-17 15:36:23,,0,,6,0,0
80700,2024-05-17 16:09:12,,1,,5,1,157
6193,2024-05-17 16:23:50,,0,,8,0,0
82212,2024-05-17 16:30:40,,1,,7,1,249
67542,2024-05-17 16:34:33,,1,,3,0,0
52346,2024-05-17 16:36:25,,1,,3,1,321
52247,2024-05-17 17:01:25,,0,,2,0,0
88864,2024-05-17 17:21:19,,1,,4,0,0
17398,2024-05-17 17:24:30,,0,,5,0,0
35671,2024-05-17 17:32:57,,0,,4,0,0
8009,2024-05-17 17:44:50,,0,,6,1,464
29370,2024-05-17 17:54:01,,1,,7,0,0
40450,2024-05-17 17:57:45,,0,,4,0,0
59217,2024-05-17 18:02:04,,0,,5,0,0
62343,2024-05-17 18:10:41,,0,,5,0,0
73326,2024-05-17 18:19:04,,1,,4,1,205
89286,2024-05-17 18:33:07,,0,,6,1,552
20676,2024-05-17 18:38:14,,0,,5,0,0
33548,2024-05-17 18:38:44,,1,,7,0,0
74796,2024-05-17 18:44:53,,1,,10,0,0
45089,2024-05-17 18:50:37,,0,,5,0,0
50753,2024-05-17 18:56:26,,1,,4,0,0
67448,2024-05-17 18:59:30,,0,,4,1,331
74038,2024-05-17 19:04:50,,0,,9,1,440
20284,2024-05-17 19:29:13,,0,,5,0,0
69936,2024-05-17 19:31:27,,0,,5,0,0
13067,2024-05-17 19:36:09,,1,,5,1,304
88652,2024-05-17 19:52:57,,0,,4,0,0
47375,2024-05-17 19:54:52,,0,,4,1,150
32090,2024-05-17 19:56:25,,1,,8,0,0
92102,2024-05-17 20:00:34,,1,,9,0,0
79194,2024-05-17 20:05:10,,0,,3,0,0
70471,2024-05-17 20:10:02,,1,,7,0,0
61325,2024-05-17 20:21:14,,1,,9,0,0
63924,2024-05-17 20:32:04,,1,,12,0,0
33955,2024-05-17 20:37:04,,1,,8,1,305
54631,2024-05-17 20:37:19,,0,,5,0,0
20284,2024-05-17 20:41:41,,1,,5,1,415
17691,2024-05-17 20:45:43,,1,,4,0,0
95805,2024-05-17 20:53:01,,0,,9,0,0
80700,2024-05-17 21:08:50,,0,,3,0,0
53253,2024-05-17 21:20:11,,0,,3,1,328
18146,2024-05-17 21:26:22,,1,,9,0,0
50151,2024-05-17 21:27:12,,0,,8,0,0
53255,2024-05-17 21:28:38,,1,,3,1,164
69887,2024-05-17 21:34:01,,0,,11,1,351
3849,2024-05-17 22:00:18,,0,,5,0,0
55003,2024-05-17 22:18:00,,0,,7,0,0
12796,2024-05-17 22:38:00,,1,,5,0,0
85280,2024-05-17 22:40:54,,0,,4,1,425
63070,2024-05-17 22:47:22,,0,,6,1,266
49380,2024-05-17 22:57:09,,0,,12,1,114
2894,2024-05-17 22:58:55,,1,,8,0,0
25788,2024-05-17 22:59:15,,1,,7,0,0
53915,2024-05-17 23:01:15,,1,,7,1,337
91405,2024-05-17 23:02:03,,0,,2,0,0
31513,2024-05-17 23:06:33,,0,,11,1,406
74566,2024-05-17 23:06:34,,0,,9,0,0
7936,2024-05-17 23:10:33,,0,,4,1,140
6432,2024-05-17 23:16:53,,0,,12,0,0
54122,2024-05-17 23:18:50,,1,,8,0,0
54959,2024-05-17 23:19:21,,0,,8,0,0
65355,2024-05-17 23:40:07,,0,,1,0,0
92076,2024-05-17 23:49:17,,0,,3,0,0
70824,2024-05-17 23:55:47,,0,,7,0,0
86521,2024-05-18 00:31:23,,0,,2,0,0
49380,2024-05-18 00:41:21,,0,,2,1,217
74038,2024-05-18 01:21:53,,1,,8,1,662
49199,2024-05-18 02:03:31,,0,,6,0,0
55359,2024-05-18 02:31:47,,0,,5,1,332
11639,2024-05-18 02:32:24,,0,,8,1,235
76274,2024-05-18 02:47:37,,0,,10,0,0
82865,2024-05-18 03:49:04,,0,,10,0,0
27318,2024-05-18 03:52:01,,1,,5,1,268
47427,2024-05-18 04:08:31,,1,,4,0,0
940,2024-05-18 04:23:19,,0,,3,0,0
33873,2024-05-18 05:23:33,,1,,8,0,0
67542,2024-05-18 05:39:19,,1,,6,0,0
61752,2024-05-18 05:46:30,,0,,6,0,0
81012,2024-05-18 05:51:25,,0,,4,1,333
88864,2024-05-18 07:02:01,,0,,6,0,0
74796,2024-05-18 07:14:40,,0,,6,0,0
86521,2024-05-18 07:33:00,,1,,6,0,0
26257,2024-05-18 08:05:38,,0,,5,1,259
13503,2024-05-18 08:07:55,,0,,8,0,0
8238,2024-05-18 08:14:26,,1,,5,1,425
55714,2024-05-18 08:27:03,,0,,7,1,309
71856,2024-05-18 08:36:09,,0,,4,0,0
23389,2024-05-18 08:53:00,,0,,2,0,0
85280,2024-05-18 09:02:59,,1,,3,1,463
56278,2024-05-18 09:24:40,,0,,3,0,0
15139,2024-05-18 09:25:53,,0,,7,0,0
8194,2024-05-18 09:30:36,,0,,7,1,493
9470,2024-05-18 09:49:17,,0,,4,0,0
51796,2024-05-18 09:51:30,,0,,7,0,0
98319,2024-05-18 09:53:04,,0,,5,0,0
38695,2024-05-18 09:53:28,,0,,10,0,0
17497,2024-05-18 10:01:50,,0,,7,0,0
74103,2024-05-18 10:05:58,,0,,4,0,0
36560,2024-05-18 10:19:57,,1,,7,0,0
53366,2024-05-18 10:21:20,,0,,6,1,397
37051,2024-05-18 10:24:43,,0,,8,1,255
51082,2024-05-18 10:35:26,,0,,4,0,0
69352,2024-05-18 10:35:54,,1,,6,0,0
55041,2024-05-18 10:38:11,,0,,3,0,0
2616,2024-05-18 10:40:26,,0,,6,0,0
6061,2024-05-18 10:40:53,,1,,8,0,0
48031,2024-05-18 10:53:34,,1,,4,0,0
67852,2024-05-18 10:58:46,,0,,4,1,215
61630,2024-05-18 11:03:56,,0,,6,1,152
71365,2024-05-18 11:06:54,,0,,6,0,0
52129,2024-05-18 11:32:36,,0,,5,0,0
88789,2024-05-18 11:49:33,,1,,4,1,268
76004,2024-05-18 12:05:55,,0,,6,0,0
42548,2024-05-18 12:14:06,,0,,3,0,0
38133,2024-05-18 12:21:56,,1,,8,0,0
90756,2024-05-18 12:23:17,,0,,6,1,219
16909,2024-05-18 12:31:01,,0,,7,0,0
71117,2024-05-18 12:40:13,,0,,6,0,0
57290,2024-05-18 12:46:29,,1,,7,0,0
32290,2024-05-18 12:50:13,,1,,10,0,0
92586,2024-05-18 13:02:22,,0,,4,0,0
87877,2024-05-18 13:12:43,,0,,5,0,0
69887,2024-05-18 13:35:55,,1,,4,0,0
27540,2024-05-18 13:36:59,,1,,5,0,0
8194,2024-05-18 13:49:08,,0,,10,0,0
81231,2024-05-18 13:51:28,,1,,6,1,184
40403,2024-05-18 13:53:26,,0,,3,0,0
95258,2024-05-18 13:56:53,,0,,4,1,272
95258,2024-05-18 14:09:36,,0,,7,0,0
65907,2024-05-18 14:10:06,,0,,7,0,0
5491,2024-05-18 14:14:55,,1,,3,1,259
36541,2024-05-18 14:15:17,,0,,9,0,0
71596,2024-05-18 14:54:41,,0,,6,1,248
86003,2024-05-18 15:00:03,,0,,5,1,327
17072,2024-05-18 15:18:55,,0,,4,1,241
97069,2024-05-18 15:19:59,,1,,7,0,0
89244,2024-05-18 15:40:02,,0,,8,0,0
19562,2024-05-18 16:05:09,,0,,8,0,0
60190,2024-05-18 16:13:57,,1,,4,0,0
96306,2024-05-18 16:20:31,,1,,2,0,0
56278,2024-05-18 16:25:54,,1,,4,0,0
44143,2024-05-18 16:48:54,,0,,4,0,0
8009,2024-05-18 17:00:56,,0,,9,0,0
3062,2024-05-18 17:07:48,,0,,4,0,0
18593,2024-05-18 17:15:11,,1,,3,1,441
947,2024-05-18 17:33:09,,0,,4,1,315
34704,2024-05-18 17:37:28,,0,,7,0,0
89061,2024-05-18 17:43:12,,0,,7,0,0
40240,2024-05-18 17:44:24,,0,,7,1,339
42668,2024-05-18 18:07:55,,0,,6,0,0
11629,2024-05-18 18:18:13,,0,,6,1,280
15826,2024-05-18 18:46:31,,0,,6,1,542
69687,2024-05-18 18:47:08,,0,,8,0,0
98736,2024-05-18 18:48:19,,0,,6,1,234
82634,2024-05-18 18:49:57,,1,,8,1,459
53473,2024-05-18 18:53:18,,0,,6,1,404
42886,2024-05-18 18:57:32,,1,,5,0,0
59037,2024-05-18 19:21:04,,0,,5,0,0
42886,2024-05-18 19:23:40,,0,,6,0,0
15275,2024-05-18 19:24:54,,1,,7,0,0
1088,2024-05-18 19:26:13,,1,,1,1,511
3346,2024-05-18 19:30:35,,1,,7,1,433
65474,2024-05-18 19:31:37,,0,,6,0,0
92076,2024-05-18 19:36:08,,0,,7,1,401
69936,2024-05-18 19:41:54,,1,,2,0,0
37051,2024-05-18 20:03:08,,0,,8,0,0
86521,2024-05-18 20:11:05,,0,,4,1,223
3595,2024-05-18 20:16:17,,0,,7,1,138
74770,2024-05-18 20:20:04,,0,,6,0,0
1599,2024-05-18 20:20:05,,0,,6,1,297
90706,2024-05-18 20:24:45,,0,,4,0,0
3192,2024-05-18 20:30:36,,1,,5,1,263
66101,2024-05-18 20:36:36,,0,,4,1,447
65306,2024-05-18 20:45:33,,0,,6,0,0
29370,2024-05-18 20:49:14,,0,,8,0,0
68209,2024-05-18 21:02:27,,0,,9,1,332
8009,2024-05-18 21:06:02,,1,,5,0,0
63453,2024-05-18 21:07:12,,0,,8,0,0
57290,2024-05-18 21:15:01,,0,,6,1,301
21518,2024-05-18 21:35:19,,0,,5,0,0
15263,2024-05-18 21:39:35,,0,,6,0,0
68415,2024-05-18 21:42:29,,0,,5,0,0
88652,2024-05-18 21:49:09,,1,,8,0,0
75963,2024-05-18 21:53:14,,0,,7,0,0
6451,2024-05-18 22:00:04,,0,,10,0,0
9143,2024-05-18 22:04:01,,1,,7,0,0
62343,2024-05-18 22:13:21,,0,,9,0,0
13544,2024-05-18 22:17:22,,0,,3,0,0
40713,2024-05-18 22:33:54,,0,,5,0,0
58694,2024-05-18 22:44:27,,0,,12,0,0
58596,2024-05-18 22:44:37,,1,,4,0,0
3978,2024-05-18 22:47:55,,0,,6,0,0
94627,2024-05-18 22:53:31,,1,,4,0,0
88009,2024-05-18 23:10:21,,1,,5,0,0
88658,2024-05-18 23:16:50,,1,,7,0,0
4149,2024-05-18 23:23:45,,0,,4,0,0
49390,2024-05-18 23:37:17,,1,,3,1,567
88278,2024-05-18 23:41:20,,0,,3,1,349
82478,2024-05-18 23:42:16,,1,,9,1,298
33250,2024-05-18 23:51:56,,1,,8,1,432
35185,2024-05-18 23:53:11,,0,,10,0,0
62343,2024-05-19 01:01:05,,0,,7,1,243
30239,2024-05-19 01:03:01,,0,,10,0,0
49362,2024-05-19 01:05:07,,1,,3,0,0
73793,2024-05-19 01:05:56,,0,,8,0,0
93664,2024-05-19 01:14:40,,0,,8,0,0
60166,2024-05-19 01:47:30,,1,,7,0,0
4545,2024-05-19 01:52:46,,0,,7,1,378
53366,2024-05-19 01:54:31,,1,,4,0,0
25788,2024-05-19 02:20:09,,0,,3,0,0
6389,2024-05-19 02:29:13,,0,,4,0,0
68209,2024-05-19 03:18:59,,0,,7,0,0
98421,2024-05-19 03:32:55,,0,,5,0,0
24489,2024-05-19 03:37:19,,0,,7,1,189
12796,2024-05-19 03:50:28,,0,,6,1,394
20623,2024-05-19 04:03:49,,0,,9,0,0
61437,2024-05-19 04:38:01,,0,,4,1,380
71596,2024-05-19 04:46:43,,0,,5,0,0
88542,2024-05-19 04:56:54,,0,,7,0,0
68670,2024-05-19 05:09:57,,1,,3,1,389
22864,2024-05-19 05:22:34,,0,,6,0,0
236,2024-05-19 05:38:28,,0,,6,0,0
43995,2024-05-19 05:39:21,,0,,3,0,0
73073,2024-05-19 05:52:22,,0,,6,0,0
16425,2024-05-19 05:57:18,,0,,6,0,0
27259,2024-05-19 06:03:21,,0,,7,1,344
72446,2024-05-19 06:03:39,,1,,7,0,0
52346,2024-05-19 06:32:43,,0,,9,0,0
99484,2024-05-19 06:45:03,,1,,8,1,366
49380,2024-05-19 07:00:44,,1,,2,0,0
95805,2024-05-19 07:45:19,,0,,8,0,0
46648,2024-05-19 08:01:37,,1,,3,0,0
61835,2024-05-19 08:01:52,,0,,7,1,615
88540,2024-05-19 08:16:53,,0,,6,0,0
30223,2024-05-19 08:35:18,,1,,4,0,0
50821,2024-05-19 08:46:53,,0,,7,1,740
43500,2024-05-19 08:53:35,,1,,4,1,402
79797,2024-05-19 08:56:13,,1,,4,1,336
3396,2024-05-19 08:59:16,,0,,2,1,347
58556,2024-05-19 09:10:19,,0,,6,0,0
49561,2024-05-19 09:11:49,,0,,5,0,0
18641,2024-05-19 09:17:01,,1,,7,1,331
98314,2024-05-19 09:29:12,,1,,4,1,504
18593,2024-05-19 09:42:28,,0,,5,0,0
68804,2024-05-19 09:50:09,,0,,5,0,0
10166,2024-05-19 09:51:38,,0,,7,0,0
71817,2024-05-19 10:17:59,,1,,3,0,0
65998,2024-05-19 10:23:27,,0,,8,0,0
93791,2024-05-19 10:36:38,,0,,3,1,250
61835,2024-05-19 10:43:24,,0,,4,1,373
78431,2024-05-19 10:47:57,,0,,8,0,0
7756,2024-05-19 11:08:28,,0,,9,0,0
41882,2024-05-19 11:21:57,,0,,6,1,366
61325,2024-05-19 11:22:09,,0,,5,0,0
82205,2024-05-19 11:23:35,,0,,7,0,0
58610,2024-05-19 11:28:29,,0,,1,0,0
4663,2024-05-19 11:31:04,,0,,3,0,0
98319,2024-05-19 11:34:53,,0,,5,1,287
10271,2024-05-19 12:08:31,,1,,13,0,0
19648,2024-05-19 12:09:04,,0,,3,1,230
85379,2024-05-19 12:35:12,,0,,8,0,0
92102,2024-05-19 12:58:04,,1,,3,1,321
69936,2024-05-19 13:23:58,,0,,5,1,398
74046,2024-05-19 13:26:05,,1,,10,1,285
18641,2024-05-19 13:31:12,,0,,2,0,0
87145,2024-05-19 13:31:17,,0,,8,0,0
36443,2024-05-19 13:37:27,,0,,6,0,0
79895,2024-05-19 13:43:09,,0,,5,0,0
84647,2024-05-19 13:47:13,,0,,6,0,0
82205,2024-05-19 13:55:29,,0,,6,1,364
24996,2024-05-19 14:02:34,,0,,2,1,462
36072,2024-05-19 14:05:53,,0,,3,0,0
17378,2024-05-19 14:06:30,,1,,4,0,0
13187,2024-05-19 14:35:40,,0,,8,0,0
69521,2024-05-19 14:43:24,,0,,7,0,0
53366,2024-05-19 14:44:08,,1,,5,1,345
23629,2024-05-19 14:44:35,,0,,11,1,401
45074,2024-05-19 14:45:35,,0,,7,1,331
98399,2024-05-19 14:51:12,,0,,4,0,0
98256,2024-05-19 15:15:55,,0,,11,0,0
97309,2024-05-19 15:24:44,,1,,5,0,0
55359,2024-05-19 15:30:30,,0,,4,0,0
23695,2024-05-19 15:31:14,,0,,6,1,255
8591,2024-05-19 15:34:22,,0,,12,1,326
6193,2024-05-19 15:53:52,,1,,7,1,236
40211,2024-05-19 16:03:08,,0,,4,0,0
71895,2024-05-19 16:09:28,,0,,9,0,0
88540,2024-05-19 16:11:53,,1,,3,0,0
42668,2024-05-19 16:25:30,,0,,4,1,329
78592,2024-05-19 16:42:31,,0,,4,0,0
87458,2024-05-19 16:49:43,,1,,10,0,0
73326,2024-05-19 16:56:50,,0,,9,1,419
77150,2024-05-19 17:12:03,,0,,8,0,0
68299,2024-05-19 17:17:01,,0,,2,0,0
90156,2024-05-19 17:18:18,,1,,6,1,222
90915,2024-05-19 17:57:33,,1,,5,0,0
42971,2024-05-19 18:01:03,,0,,4,1,590
8310,2024-05-19 18:04:41,,1,,4,1,626
49147,2024-05-19 18:04:42,,0,,4,0,0
41287,2024-05-19 18:09:24,,0,,5,0,0
51082,2024-05-19 18:15:57,,0,,5,0,0
59670,2024-05-19 18:22:40,,0,,5,1,280
91723,2024-05-19 18:26:22,,0,,4,0,0
42017,2024-05-19 18:29:27,,0,,3,1,449
22005,2024-05-19 18:41:22,,0,,7,0,0
94797,2024-05-19 18:53:14,,0,,4,0,0
16855,2024-05-19 19:10:28,,0,,3,0,0
33250,2024-05-19 19:19:00,,1,,8,0,0
6061,2024-05-19 19:27:44,,0,,6,0,0
24422,2024-05-19 19:28:01,,0,,6,0,0
85339,2024-05-19 19:29:02,,1,,6,0,0
95258,2024-05-19 19:31:25,,0,,5,1,268
73326,2024-05-19 19:33:54,,0,,6,1,302
79194,2024-05-19 19:47:35,,1,,8,0,0
11606,2024-05-19 19:51:32,,0,,6,0,0
84471,2024-05-19 19:51:51,,0,,4,0,0
93759,2024-05-19 20:02:50,,0,,4,1,200
10847,2024-05-19 20:05:14,,0,,5,1,320
15331,2024-05-19 20:05:54,,0,,11,0,0
47203,2024-05-19 20:09:09,,0,,6,1,582
85631,2024-05-19 20:22:43,,0,,5,1,459
8194,2024-05-19 20:27:33,,0,,5,1,231
4343,2024-05-19 20:45:16,,1,,8,0,0
8591,2024-05-19 21:03:46,,0,,13,1,513
80182,2024-05-19 21:27:26,,0,,10,0,0
36072,2024-05-19 21:32:38,,0,,7,0,0
5458,2024-05-19 21:47:44,,0,,6,0,0
4663,2024-05-19 21:50:35,,1,,11,0,0
24059,2024-05-19 21:56:31,,1,,6,0,0
67648,2024-05-19 21:57:02,,0,,10,0,0
7085,2024-05-19 22:02:26,,0,,4,0,0
49070,2024-05-19 22:05:11,,0,,7,0,0
53919,2024-05-19 22:13:50,,0,,4,0,0
31156,2024-05-19 22:22:32,,1,,6,1,532
99218,2024-05-19 22:22:32,,0,,9,0,0
55422,2024-05-19 22:25:50,,0,,8,0,0
22592,2024-05-19 22:32:27,,0,,9,0,0
58322,2024-05-19 22:37:31,,1,,6,1,656
50615,2024-05-19 22:38:00,,0,,7,1,459
83214,2024-05-19 22:55:19,,0,,9,1,441
37869,2024-05-19 23:08:25,,0,,8,1,370
61355,2024-05-19 23:15:26,,0,,6,0,0
6659,2024-05-19 23:21:16,,0,,5,1,377
65362,2024-05-19 23:27:56,,0,,6,0,0
56150,2024-05-19 23:35:21,,0,,6,0,0
33955,2024-05-20 00:12:20,,0,,4,1,349
24835,2024-05-20 00:23:55,,0,,2,0,0
22173,2024-05-20 00:31:47,,0,,4,0,0
49471,2024-05-20 00:44:53,,0,,3,0,0
81672,2024-05-20 00:59:17,,0,,6,0,0
9821,2024-05-20 01:22:05,,1,,11,0,0
13067,2024-05-20 02:08:08,,1,,1,0,0
22790,2024-05-20 02:13:59,,0,,4,0,0
27775,2024-05-20 02:36:57,,0,,5,0,0
41287,2024-05-20 02:41:01,,0,,6,0,0
64038,2024-05-20 03:00:31,,0,,6,1,264
7720,2024-05-20 03:53:46,,1,,6,0,0
92698,2024-05-20 03:55:16,,0,,7,0,0
89604,2024-05-20 04:30:56,,1,,4,0,0
98421,2024-05-20 04:36:30,,0,,2,0,0
918,2024-05-20 04:48:45,,1,,9,0,0
22790,2024-05-20 05:22:40,,1,,6,0,0
52012,2024-05-20 05:30:02,,0,,2,1,682
40713,2024-05-20 05:30:31,,0,,7,0,0
66599,2024-05-20 06:20:25,,0,,6,0,0
47564,2024-05-20 06:21:48,,0,,9,0,0
40780,2024-05-20 07:28:01,,0,,5,0,0
35804,2024-05-20 08:01:01,,0,,5,0,0
90943,2024-05-20 08:10:36,,1,,10,1,258
92038,2024-05-20 08:13:40,,0,,8,1,609
42402,2024-05-20 08:13:51,,0,,7,0,0
38640,2024-05-20 08:16:22,,0,,2,1,307
38744,2024-05-20 08:16:45,,0,,2,0,0
55558,2024-05-20 08:18:16,,1,,6,1,203
6050,2024-05-20 08:23:31,,0,,9,0,0
31426,2024-05-20 08:30:47,,0,,8,0,0
94619,2024-05-20 08:40:44,,0,,3,1,255
93203,2024-05-20 08:57:21,,0,,5,0,0
30770,2024-05-20 09:11:34,,0,,8,0,0
52012,2024-05-20 09:12:08,,1,,7,0,0
69936,2024-05-20 09:20:14,,0,,6,0,0
40181,2024-05-20 09:28:30,,0,,11,1,255
25489,2024-05-20 09:33:47,,1,,7,1,284
81940,2024-05-20 09:40:51,,0,,7,1,261
46873,2024-05-20 09:54:04,,0,,5,0,0
88837,2024-05-20 09:56:22,,0,,4,1,271
58694,2024-05-20 10:00:36,,1,,7,0,0
15135,2024-05-20 10:01:09,,0,,5,0,0
38184,2024-05-20 10:13:58,,1,,5,1,246
4663,2024-05-20 10:16:07,,0,,4,0,0
90194,2024-05-20 10:17:00,,0,,5,0,0
42668,2024-05-20 10:17:28,,0,,7,0,0
42241,2024-05-20 10:33:30,,0,,3,0,0
97773,2024-05-20 10:44:51,,0,,4,0,0
60144,2024-05-20 10:49:16,,1,,6,0,0
85827,2024-05-20 10:53:18,,0,,7,0,0
92284,2024-05-20 11:05:22,,0,,3,1,350
72134,2024-05-20 11:24:03,,0,,5,0,0
95022,2024-05-20 11:26:59,,0,,0,0,0
67542,2024-05-20 11:41:45,,1,,4,0,0
49380,2024-05-20 11:47:04,,0,,4,1,356
54347,2024-05-20 11:55:33,,0,,6,0,0
81179,2024-05-20 12:50:59,,0,,10,1,220
5015,2024-05-20 12:55:50,,1,,3,0,0
68292,2024-05-20 13:03:59,,0,,7,0,0
52893,2024-05-20 13:04:31,,0,,4,0,0
68141,2024-05-20 13:05:08,,0,,5,1,332
51402,2024-05-20 13:11:24,,0,,5,0,0
81231,2024-05-20 13:21:28,,0,,4,1,318
78231,2024-05-20 13:24:21,,1,,7,1,435
1472,2024-05-20 13:38:37,,0,,11,0,0
3978,2024-05-20 13:45:13,,0,,7,0,0
1010,2024-05-20 13:50:27,,1,,5,0,0
60465,2024-05-20 14:17:42,,0,,4,0,0
7233,2024-05-20 14:19:53,,0,,4,1,254
71895,2024-05-20 14:32:48,,1,,8,0,0
964,2024-05-20 14:35:30,,0,,9,0,0
49199,2024-05-20 14:36:54,,0,,6,0,0
5015,2024-05-20 14:44:47,,0,,5,0,0
46071,2024-05-20 14:50:20,,1,,5,0,0
74046,2024-05-20 14:52:12,,0,,6,1,251
94379,2024-05-20 14:55:06,,1,,8,1,163
46967,2024-05-20 14:55:10,,1,,10,0,0
21698,2024-05-20 15:01:38,,0,,6,0,0
94286,2024-05-20 15:03:07,,0,,5,1,377
4343,2024-05-20 15:06:06,,0,,5,0,0
19412,2024-05-20 15:06:41,,0,,3,0,0
9143,2024-05-20 15:13:58,,0,,5,0,0
1890,2024-05-20 15:16:55,,1,,8,1,343
808,2024-05-20 15:22:00,,1,,5,0,0
85339,2024-05-20 15:34:31,,1,,5,1,458
18658,2024-05-20 15:46:59,,0,,4,0,0
15139,2024-05-20 16:18:17,,0,,6,0,0
85379,2024-05-20 16:18:56,,0,,3,1,354
24059,2024-05-20 16:22:37,,0,,7,0,0
964,2024-05-20 16:28:48,,1,,9,1,443
46074,2024-05-20 16:34:17,,0,,10,0,0
95810,2024-05-20 16:35:29,,0,,8,1,185
91486,2024-05-20 16:41:52,,1,,4,1,310
85730,2024-05-20 16:43:01,,1,,5,0,0
50615,2024-05-20 16:45:38,,0,,8,0,0
55670,2024-05-20 16:52:38,,0,,4,1,199
68748,2024-05-20 16:58:21,,0,,5,1,331
53304,2024-05-20 16:58:41,,0,,9,1,441
21919,2024-05-20 17:01:07,,0,,5,1,246
18146,2024-05-20 17:06:41,,0,,4,1,298
66658,2024-05-20 17:34:29,,1,,6,1,211
32830,2024-05-20 17:37:16,,0,,5,0,0
67894,2024-05-20 17:37:58,,1,,6,0,0
76414,2024-05-20 17:51:27,,0,,5,1,261
44701,2024-05-20 18:41:46,,0,,2,1,603
58322,2024-05-20 18:46:41,,0,,7,1,327
52247,2024-05-20 18:52:28,,0,,2,0,0
56756,2024-05-20 18:53:49,,1,,3,1,327
27563,2024-05-20 19:28:59,,1,,5,0,0
38133,2024-05-20 20:11:44,,1,,7,1,298
73036,2024-05-20 20:18:25,,0,,8,0,0
12603,2024-05-20 20:34:58,,0,,6,0,0
23695,2024-05-20 20:35:25,,1,,6,1,262
940,2024-05-20 20:38:40,,0,,5,0,0
29081,2024-05-20 20:38:49,,1,,5,0,0
46802,2024-05-20 20:52:29,,0,,4,0,0
54347,2024-05-20 21:10:44,,0,,6,1,156
88658,2024-05-20 21:12:35,,0,,7,0,0
89061,2024-05-20 21:15:18,,1,,7,0,0
94427,2024-05-20 21:27:38,,0,,8,0,0
8194,2024-05-20 21:32:49,,0,,7,1,692
53780,2024-05-20 21:40:29,,0,,5,1,213
13325,2024-05-20 21:43:38,,0,,4,0,0
14905,2024-05-20 21:46:03,,1,,8,0,0
79540,2024-05-20 21:53:31,,1,,6,1,222
3192,2024-05-20 22:07:59,,0,,4,0,0
35834,2024-05-20 22:11:40,,0,,9,1,226
42886,2024-05-20 22:26:56,,0,,5,0,0
12096,2024-05-20 22:27:50,,1,,2,0,0
8520,2024-05-20 22:32:19,,0,,6,0,0
46074,2024-05-20 22:35:07,,0,,4,0,0
80700,2024-05-20 22:46:00,,0,,9,0,0
60166,2024-05-20 22:57:33,,0,,1,1,239
38542,2024-05-20 22:59:25,,0,,6,1,448
65868,2024-05-20 23:12:12,,0,,6,1,319
38184,2024-05-20 23:15:09,,0,,5,1,245
13738,2024-05-20 23:31:02,,0,,7,0,0
90156,2024-05-20 23:39:02,,0,,6,0,0
12291,2024-05-21 00:17:19,,1,,6,0,0
21698,2024-05-21 00:53:51,,0,,6,1,270
53947,2024-05-21 01:05:50,,1,,2,0,0
82212,2024-05-21 01:12:53,,0,,7,0,0
8903,2024-05-21 01:41:04,,0,,9,0,0
32375,2024-05-21 02:03:34,,0,,6,1,221
56397,2024-05-21 02:25:51,,1,,3,0,0
46841,2024-05-21 02:47:30,,0,,6,0,0
42548,2024-05-21 03:11:30,,1,,15,0,0
14777,2024-05-21 03:19:56,,1,,8,0,0
79943,2024-05-21 03:21:57,,0,,11,0,0
15574,2024-05-21 03:42:17,,0,,2,0,0
6584,2024-05-21 03:45:43,,0,,15,0,0
90756,2024-05-21 03:53:10,,0,,6,0,0
40289,2024-05-21 03:57:09,,1,,9,0,0
58690,2024-05-21 04:22:39,,1,,5,1,305
55256,2024-05-21 04:48:55,,0,,2,0,0
7739,2024-05-21 05:00:45,,0,,3,0,0
39107,2024-05-21 05:10:01,,0,,4,1,261
51112,2024-05-21 05:35:35,,0,,7,1,277
91405,2024-05-21 05:38:50,,1,,5,0,0
17328,2024-05-21 05:40:00,,0,,7,0,0
68299,2024-05-21 05:47:46,,1,,6,1,523
39150,2024-05-21 06:11:14,,0,,2,0,0
10955,2024-05-21 06:21:42,,0,,4,1,231
48399,2024-05-21 06:22:43,,0,,5,1,432
70923,2024-05-21 06:35:16,,0,,2,0,0
76004,2024-05-21 06:36:12,,0,,8,1,180
11606,2024-05-21 06:39:15,,1,,8,0,0
8591,2024-05-21 07:00:50,,1,,5,0,0
55256,2024-05-21 07:22:49,,0,,3,1,535
48604,2024-05-21 07:29:43,,0,,4,0,0
1379,2024-05-21 07:41:45,,0,,4,0,0
22442,2024-05-21 08:14:39,,0,,8,0,0
42402,2024-05-21 08:35:23,,1,,7,1,457
19648,2024-05-21 08:51:02,,0,,5,0,0
94611,2024-05-21 08:51:19,,1,,8,0,0
17497,2024-05-21 08:53:13,,0,,6,0,0
39496,2024-05-21 08:56:32,,1,,7,0,0
83203,2024-05-21 09:23:23,,0,,5,1,453
89286,2024-05-21 09:24:40,,1,,9,0,0
83298,2024-05-21 09:28:27,,1,,5,0,0
21933,2024-05-21 09:44:32,,1,,8,0,0
5820,2024-05-21 09:48:20,,0,,6,0,0
17328,2024-05-21 09:49:07,,1,,5,0,0
22005,2024-05-21 09:51:30,,1,,5,1,250
24096,2024-05-21 09:55:05,,0,,7,0,0
55359,2024-05-21 09:57:35,,1,,5,1,277
8339,2024-05-21 09:58:40,,0,,5,0,0
38118,2024-05-21 10:08:29,,0,,8,0,0
69966,2024-05-21 10:20:28,,0,,6,0,0
59460,2024-05-21 10:22:17,,0,,5,1,509
68712,2024-05-21 10:23:34,,1,,10,0,0
22442,2024-05-21 10:30:36,,0,,6,0,0
74792,2024-05-21 10:37:43,,1,,6,0,0
38640,2024-05-21 10:55:46,,0,,6,1,292
1890,2024-05-21 11:05:40,,1,,6,0,0
82212,2024-05-21 11:19:38,,0,,7,0,0
2373,2024-05-21 11:41:22,,0,,7,1,411
36191,2024-05-21 11:58:29,,1,,8,1,758
54631,2024-05-21 11:59:20,,0,,5,1,158
46226,2024-05-21 12:03:11,,1,,5,1,243
54347,2024-05-21 12:04:21,,0,,5,0,0
87485,2024-05-21 12:04:30,,0,,11,0,0
71149,2024-05-21 12:38:04,,0,,4,0,0
40072,2024-05-21 12:45:51,,0,,7,0,0
69966,2024-05-21 13:12:20,,0,,9,0,0
84154,2024-05-21 13:12:38,,0,,8,0,0
3327,2024-05-21 13:26:51,,0,,6,0,0
12454,2024-05-21 13:28:17,,0,,13,0,0
68141,2024-05-21 13:33:00,,1,,12,0,0
84471,2024-05-21 14:01:03,,1,,4,1,333
69966,2024-05-21 14:02:06,,0,,4,0,0
13067,2024-05-21 14:02:52,,1,,5,0,0
26492,2024-05-21 14:20:59,,0,,6,0,0
42668,2024-05-21 14:44:56,,1,,6,1,357
61286,2024-05-21 14:54:13,,0,,4,1,316
24422,2024-05-21 15:06:07,,1,,5,0,0
80700,2024-05-21 15:06:50,,1,,5,0,0
24422,2024-05-21 15:11:55,,0,,6,0,0
31675,2024-05-21 15:14:24,,1,,7,1,327
46323,2024-05-21 15:19:48,,0,,3,0,0
88013,2024-05-21 15:22:47,,1,,5,0,0
52769,2024-05-21 15:39:35,,1,,6,0,0
8903,2024-05-21 15:57:11,,0,,11,1,216
27422,2024-05-21 16:03:44,,0,,8,0,0
48258,2024-05-21 16:08:55,,0,,4,0,0
16552,2024-05-21 16:14:33,,1,,5,0,0
65830,2024-05-21 16:16:40,,0,,5,0,0
28897,2024-05-21 16:22:53,,0,,7,1,652
92936,2024-05-21 16:25:19,,0,,8,0,0
85234,2024-05-21 16:28:06,,0,,6,0,0
18251,2024-05-21 16:39:23,,0,,5,0,0
79797,2024-05-21 16:40:51,,0,,1,0,0
88540,2024-05-21 16:48:56,,0,,3,0,0
1963,2024-05-21 17:00:54,,1,,6,0,0
66354,2024-05-21 17:02:13,,1,,6,1,428
41882,2024-05-21 17:08:58,,0,,7,0,0
4545,2024-05-21 17:14:16,,0,,9,0,0
61932,2024-05-21 17:14:33,,0,,10,0,0
64011,2024-05-21 17:21:20,,1,,11,1,220
44303,2024-05-21 17:27:18,,0,,9,1,325
23849,2024-05-21 17:30:00,,0,,2,0,0
37603,2024-05-21 17:34:30,,1,,9,0,0
4961,2024-05-21 18:07:51,,0,,5,0,0
25489,2024-05-21 18:08:43,,1,,5,0,0
23354,2024-05-21 18:12:27,,0,,4,0,0
24921,2024-05-21 18:25:00,,0,,5,0,0
51082,2024-05-21 18:40:52,,0,,7,0,0
5820,2024-05-21 18:43:37,,1,,1,0,0
67852,2024-05-21 18:48:47,,0,,3,1,442
90756,2024-05-21 18:54:26,,0,,8,0,0
93664,2024-05-21 19:10:18,,0,,5,1,305
5520,2024-05-21 19:11:52,,0,,8,0,0
81499,2024-05-21 19:13:19,,0,,2,1,282
1472,2024-05-21 20:11:40,,0,,11,0,0
12603,2024-05-21 20:19:08,,0,,6,0,0
61862,2024-05-21 20:20:56,,0,,9,0,0
40567,2024-05-21 20:21:27,,1,,7,1,204
56756,2024-05-21 20:26:59,,0,,3,1,371
96298,2024-05-21 20:32:01,,0,,9,1,172
20609,2024-05-21 20:32:59,,0,,2,1,387
11606,2024-05-21 20:33:45,,0,,6,1,252
96450,2024-05-21 20:34:54,,0,,9,1,560
90915,2024-05-21 20:37:17,,0,,7,0,0
75454,2024-05-21 20:41:19,,0,,3,0,0
12004,2024-05-21 20:51:09,,0,,9,0,0
19020,2024-05-21 20:57:57,,1,,5,0,0
79797,2024-05-21 21:23:50,,0,,4,0,0
69292,2024-05-21 21:24:47,,1,,8,0,0
90965,2024-05-21 21:29:12,,0,,5,1,245
76933,2024-05-21 21:29:20,,0,,7,0,0
59993,2024-05-21 21:37:12,,0,,6,0,0
8885,2024-05-21 21:41:08,,0,,9,0,0
55256,2024-05-21 21:51:17,,0,,3,0,0
20676,2024-05-21 22:01:38,,0,,5,0,0
48258,2024-05-21 22:19:41,,0,,7,0,0
17378,2024-05-21 22:48:24,,1,,11,1,242
86003,2024-05-21 23:15:59,,0,,5,0,0
59851,2024-05-21 23:29:26,,0,,5,0,0
15135,2024-05-21 23:41:26,,0,,7,0,0
81345,2024-05-21 23:41:36,,0,,4,1,741
77869,2024-05-21 23:45:22,,0,,8,1,710
91486,2024-05-21 23:47:28,,0,,7,0,0
9470,2024-05-21 23:48:34,,1,,8,0,0
61355,2024-05-21 23:55:53,,1,,3,0,0
23354,2024-05-21 23:56:38,,0,,2,1,245
81288,2024-05-22 00:06:05,,0,,4,0,0
6061,2024-05-22 00:06:51,,0,,4,1,250
89286,2024-05-22 00:17:07,,0,,8,0,0
3192,2024-05-22 00:39:21,,1,,9,0,0
47564,2024-05-22 00:44:45,,0,,6,1,236
34740,2024-05-22 01:05:42,,0,,3,0,0
23980,2024-05-22 01:21:07,,1,,8,0,0
39677,2024-05-22 01:22:32,,0,,6,0,0
59851,2024-05-22 01:25:02,,0,,7,0,0
3978,2024-05-22 01:26:01,,0,,6,0,0
94502,2024-05-22 01:56:31,,0,,11,0,0
73326,2024-05-22 01:59:50,,0,,7,0,0
37155,2024-05-22 02:02:11,,0,,5,0,0
12603,2024-05-22 02:32:53,,1,,4,1,252
22294,2024-05-22 02:33:34,,1,,4,1,354
94427,2024-05-22 02:43:07,,1,,5,0,0
43133,2024-05-22 03:07:39,,0,,7,0,0
50907,2024-05-22 03:34:55,,1,,8,0,0
74796,2024-05-22 04:00:27,,0,,3,1,219
37377,2024-05-22 04:10:01,,0,,3,0,0
34431,2024-05-22 04:11:46,,0,,7,1,313
73302,2024-05-22 04:12:35,,0,,9,0,0
1154,2024-05-22 04:31:42,,1,,9,1,241
28681,2024-05-22 04:33:38,,1,,6,0,0
41631,2024-05-22 04:56:52,,1,,8,0,0
55714,2024-05-22 05:41:10,,1,,8,1,330
78431,2024-05-22 05:48:29,,0,,5,1,372
55422,2024-05-22 05:50:59,,0,,3,0,0
8044,2024-05-22 06:08:09,,0,,3,0,0
92248,2024-05-22 06:08:41,,1,,4,0,0
31611,2024-05-22 06:10:48,,0,,5,0,0
65474,2024-05-22 06:28:11,,0,,4,1,190
25788,2024-05-22 06:28:12,,0,,5,0,0
50151,2024-05-22 06:40:20,,0,,3,1,272
38750,2024-05-22 06:46:42,,1,,8,0,0
88540,2024-05-22 06:47:32,,1,,5,0,0
54835,2024-05-22 06:59:51,,1,,7,0,0
15135,2024-05-22 07:03:46,,0,,7,0,0
3595,2024-05-22 07:07:22,,0,,9,0,0
73302,2024-05-22 07:41:20,,0,,6,0,0
69352,2024-05-22 07:51:40,,0,,6,1,282
2359,2024-05-22 08:07:12,,1,,5,0,0
30947,2024-05-22 08:23:44,,1,,8,0,0
70824,2024-05-22 08:30:19,,0,,4,0,0
69778,2024-05-22 08:50:05,,0,,6,0,0
24096,2024-05-22 08:51:25,,0,,6,0,0
95258,2024-05-22 08:52:17,,1,,3,1,295
38246,2024-05-22 09:10:02,,0,,5,0,0
30423,2024-05-22 09:19:53,,1,,5,1,507
6050,2024-05-22 09:21:33,,1,,6,1,188
63836,2024-05-22 09:26:32,,0,,5,0,0
31675,2024-05-22 09:26:38,,0,,10,1,309
49561,2024-05-22 09:27:31,,1,,6,1,148
42402,2024-05-22 09:42:20,,0,,6,0,0
50195,2024-05-22 09:46:33,,0,,10,0,0
15826,2024-05-22 09:53:44,,0,,5,0,0
48604,2024-05-22 10:00:39,,0,,3,1,392
44701,2024-05-22 10:15:47,,0,,5,0,0
49147,2024-05-22 10:18:54,,1,,4,0,0
18593,2024-05-22 10:31:06,,0,,4,0,0
57066,2024-05-22 10:41:38,,1,,5,0,0
96693,2024-05-22 10:48:33,,1,,8,0,0
41631,2024-05-22 10:50:30,,0,,4,0,0
55952,2024-05-22 10:55:20,,1,,7,0,0
45103,2024-05-22 11:09:44,,0,,5,0,0
5763,2024-05-22 11:17:27,,0,,5,0,0
8367,2024-05-22 11:18:04,,0,,7,0,0
8885,2024-05-22 11:27:49,,1,,8,1,519
37612,2024-05-22 11:30:49,,0,,6,0,0
15263,2024-05-22 11:33:17,,0,,5,0,0
61355,2024-05-22 11:38:01,,0,,7,0,0
58329,2024-05-22 11:40:56,,0,,7,1,316
32444,2024-05-22 11:42:31,,0,,6,0,0
77954,2024-05-22 11:45:28,,0,,6,0,0
90194,2024-05-22 11:52:19,,1,,3,1,193
74143,2024-05-22 11:57:27,,1,,5,0,0
17424,2024-05-22 12:01:46,,1,,3,1,374
11914,2024-05-22 12:36:09,,1,,4,0,0
65907,2024-05-22 12:51:20,,0,,7,0,0
76200,2024-05-22 12:55:25,,0,,3,1,259
35872,2024-05-22 13:13:17,,1,,3,0,0
2616,2024-05-22 13:56:35,,0,,3,0,0
42971,2024-05-22 14:11:18,,0,,6,0,0
21698,2024-05-22 14:20:06,,0,,8,0,0
26492,2024-05-22 14:40:18,,0,,3,1,448
20676,2024-05-22 14:41:52,,1,,7,0,0
99825,2024-05-22 14:43:40,,0,,6,0,0
85234,2024-05-22 14:46:17,,0,,5,1,456
59508,2024-05-22 14:53:16,,0,,4,1,193
76807,2024-05-22 14:57:37,,0,,3,0,0
85042,2024-05-22 15:01:53,,0,,11,0,0
89061,2024-05-22 15:02:05,,0,,6,0,0
1890,2024-05-22 15:11:39,,0,,6,0,0
4663,2024-05-22 15:16:33,,1,,7,0,0
86618,2024-05-22 15:16:51,,0,,3,0,0
4545,2024-05-22 15:25:34,,1,,4,0,0
88273,2024-05-22 15:33:05,,1,,7,0,0
89286,2024-05-22 15:48:16,,0,,3,0,0
28112,2024-05-22 15:50:53,,0,,8,0,0
25661,2024-05-22 15:52:59,,0,,3,1,322
46957,2024-05-22 16:09:21,,0,,8,0,0
31611,2024-05-22 16:09:56,,0,,6,0,0
37869,2024-05-22 16:36:29,,0,,3,0,0
55256,2024-05-22 16:40:08,,0,,3,0,0
13503,2024-05-22 16:52:27,,0,,4,0,0
95805,2024-05-22 17:21:31,,1,,9,1,237
58509,2024-05-22 17:33:14,,0,,4,1,371
56031,2024-05-22 17:33:58,,0,,8,0,0
82405,2024-05-22 17:34:26,,0,,10,1,444
57082,2024-05-22 17:34:44,,0,,5,1,432
37632,2024-05-22 17:39:30,,0,,10,0,0
9838,2024-05-22 17:46:11,,0,,6,0,0
63453,2024-05-22 17:53:05,,0,,8,0,0
26754,2024-05-22 17:59:03,,0,,6,0,0
98256,2024-05-22 18:08:04,,0,,5,0,0
33873,2024-05-22 18:08:23,,1,,5,0,0
66017,2024-05-22 18:10:20,,1,,7,0,0
8009,2024-05-22 18:14:49,,1,,9,1,266
44843,2024-05-22 18:18:57,,0,,7,1,406
30223,2024-05-22 18:28:21,,1,,0,0,0
65977,2024-05-22 18:28:35,,0,,5,0,0
39496,2024-05-22 18:29:44,,0,,6,1,493
97081,2024-05-22 18:41:28,,0,,8,0,0
78870,2024-05-22 19:03:18,,0,,1,0,0
64171,2024-05-22 19:18:36,,0,,7,0,0
60316,2024-05-22 19:21:57,,1,,4,0,0
30223,2024-05-22 19:31:52,,1,,2,0,0
63775,2024-05-22 19:49:45,,0,,10,0,0
67542,2024-05-22 19:54:40,,0,,6,1,334
69887,2024-05-22 19:55:44,,0,,5,0,0
61086,2024-05-22 20:02:18,,1,,5,1,348
50170,2024-05-22 20:02:23,,1,,7,0,0
73073,2024-05-22 20:07:21,,0,,5,0,0
61862,2024-05-22 20:08:18,,1,,8,1,245
44751,2024-05-22 20:09:10,,0,,8,1,566
73659,2024-05-22 20:10:57,,0,,6,0,0
90915,2024-05-22 20:38:16,,0,,7,0,0
90756,2024-05-22 20:39:22,,1,,3,1,336
20681,2024-05-22 20:40:28,,1,,4,0,0
1963,2024-05-22 21:09:23,,0,,5,1,332
31786,2024-05-22 21:09:33,,0,,7,0,0
1088,2024-05-22 21:10:00,,1,,5,0,0
56642,2024-05-22 21:27:11,,0,,8,0,0
27982,2024-05-22 21:32:08,,0,,4,0,0
21476,2024-05-22 21:38:20,,1,,7,0,0
68748,2024-05-22 21:50:55,,0,,5,0,0
71466,2024-05-22 21:56:22,,0,,7,0,0
49561,2024-05-22 22:06:18,,0,,7,0,0
88273,2024-05-22 22:06:45,,0,,7,0,0
74770,2024-05-22 22:07:39,,1,,6,0,0
74143,2024-05-22 22:22:39,,0,,8,1,289
63658,2024-05-22 22:24:30,,0,,7,0,0
18146,2024-05-22 22:43:27,,1,,3,1,479
91689,2024-05-22 22:53:44,,0,,7,1,552
98080,2024-05-22 22:55:55,,0,,5,0,0
40403,2024-05-22 23:18:06,,0,,8,1,301
24835,2024-05-22 23:24:19,,1,,9,1,264
918,2024-05-22 23:29:03,,1,,7,1,258
55670,2024-05-22 23:33:45,,0,,12,0,0
49070,2024-05-23 00:05:20,,0,,2,0,0
5661,2024-05-23 00:07:30,,1,,11,0,0
47777,2024-05-23 00:12:18,,1,,11,1,426
28112,2024-05-23 00:56:05,,0,,10,0,0
30439,2024-05-23 01:30:42,,0,,7,0,0
90696,2024-05-23 01:42:20,,1,,6,0,0
50821,2024-05-23 01:47:10,,0,,4,0,0
85042,2024-05-23 01:56:03,,0,,2,0,0
36560,2024-05-23 02:17:50,,1,,11,1,125
5661,2024-05-23 02:36:42,,0,,6,0,0
22442,2024-05-23 02:49:27,,0,,8,0,0
23695,2024-05-23 03:08:13,,1,,0,0,0
10995,2024-05-23 03:09:28,,0,,6,0,0
33250,2024-05-23 03:14:32,,0,,8,1,541
53253,2024-05-23 03:16:51,,1,,9,1,272
88466,2024-05-23 03:32:22,,0,,11,0,0
63775,2024-05-23 03:41:59,,0,,5,0,0
47564,2024-05-23 04:09:07,,1,,8,0,0
71411,2024-05-23 04:23:38,,1,,5,0,0
41324,2024-05-23 04:26:36,,1,,12,0,0
66691,2024-05-23 04:31:25,,0,,3,1,353
85364,2024-05-23 05:04:46,,1,,2,0,0
44843,2024-05-23 05:24:50,,0,,6,0,0
43010,2024-05-23 05:33:14,,1,,6,0,0
57866,2024-05-23 05:47:38,,1,,4,0,0
55558,2024-05-23 06:22:31,,0,,8,0,0
65694,2024-05-23 06:24:10,,0,,7,0,0
88837,2024-05-23 06:26:25,,0,,4,1,344
32212,2024-05-23 06:38:53,,0,,4,0,0
28008,2024-05-23 06:45:04,,0,,4,0,0
23849,2024-05-23 06:58:06,,1,,5,1,523
7739,2024-05-23 07:02:57,,0,,3,0,0
66101,2024-05-23 07:12:46,,0,,9,0,0
81691,2024-05-23 07:14:18,,1,,4,0,0
8520,2024-05-23 07:53:59,,0,,8,0,0
39496,2024-05-23 08:12:04,,0,,7,1,358
6389,2024-05-23 08:23:10,,0,,7,0,0
96921,2024-05-23 08:30:00,,0,,6,1,382
39107,2024-05-23 08:36:55,,0,,7,0,0
92076,2024-05-23 08:47:02,,1,,4,1,546
42971,2024-05-23 08:59:31,,0,,5,0,0
27563,2024-05-23 09:11:18,,1,,7,0,0
78110,2024-05-23 09:31:09,,0,,6,0,0
85764,2024-05-23 09:31:59,,0,,6,0,0
93432,2024-05-23 09:37:08,,0,,3,0,0
47401,2024-05-23 09:38:21,,0,,5,0,0
50907,2024-05-23 09:45:55,,1,,3,0,0
82234,2024-05-23 10:11:47,,0,,5,0,0
53253,2024-05-23 10:20:18,,0,,5,0,0
81231,2024-05-23 10:28:25,,1,,9,0,0
44815,2024-05-23 10:31:26,,0,,3,0,0
24059,2024-05-23 10:43:07,,0,,2,0,0
3030,2024-05-23 10:43:39,,1,,3,0,0
33151,2024-05-23 10:58:52,,0,,5,0,0
36220,2024-05-23 11:04:21,,1,,5,0,0
87485,2024-05-23 11:13:58,,1,,5,0,0
18637,2024-05-23 11:16:27,,0,,5,1,242
71117,2024-05-23 11:21:39,,1,,8,1,226
13464,2024-05-23 11:40:16,,0,,7,1,206
66830,2024-05-23 11:40:30,,0,,6,1,443
38750,2024-05-23 11:46:11,,0,,1,0,0
74103,2024-05-23 11:50:33,,0,,9,0,0
33151,2024-05-23 11:51:12,,1,,4,0,0
20915,2024-05-23 11:59:25,,0,,6,0,0
24096,2024-05-23 12:00:47,,0,,5,1,339
28897,2024-05-23 12:16:51,,0,,8,0,0
28112,2024-05-23 12:20:36,,0,,8,0,0
68299,2024-05-23 12:22:57,,1,,5,1,177
92700,2024-05-23 12:25:35,,1,,4,0,0
43335,2024-05-23 12:33:48,,0,,5,0,0
1545,2024-05-23 13:10:29,,0,,7,0,0
63100,2024-05-23 13:14:29,,1,,4,0,0
23351,2024-05-23 13:16:02,,0,,3,0,0
52893,2024-05-23 13:17:54,,1,,6,0,0
53915,2024-05-23 13:22:18,,0,,3,1,308
85827,2024-05-23 13:42:33,,0,,10,0,0
12096,2024-05-23 13:42:39,,0,,6,1,440
41631,2024-05-23 13:45:09,,1,,9,0,0
21727,2024-05-23 13:46:24,,0,,4,0,0
84471,2024-05-23 13:49:55,,0,,8,0,0
61187,2024-05-23 13:50:34,,1,,2,0,0
54863,2024-05-23 13:50:46,,0,,10,0,0
44760,2024-05-23 13:57:16,,0,,6,0,0
42241,2024-05-23 14:01:47,,1,,8,0,0
57824,2024-05-23 14:12:45,,0,,4,0,0
71817,2024-05-23 14:43:07,,0,,14,0,0
9728,2024-05-23 14:54:05,,0,,1,1,272
99484,2024-05-23 14:54:45,,0,,8,0,0
32531,2024-05-23 14:55:59,,0,,8,0,0
87048,2024-05-23 15:03:18,,1,,4,0,0
23466,2024-05-23 15:05:42,,1,,5,1,319
78119,2024-05-23 15:13:54,,0,,2,0,0
53304,2024-05-23 15:16:30,,1,,8,0,0
98586,2024-05-23 15:22:28,,0,,3,1,315
4961,2024-05-23 15:24:12,,0,,3,0,0
22522,2024-05-23 15:24:48,,1,,5,0,0
91948,2024-05-23 15:25:00,,0,,4,1,315
33548,2024-05-23 15:29:47,,1,,5,0,0
53947,2024-05-23 15:31:28,,1,,5,1,294
10271,2024-05-23 15:41:45,,0,,8,1,291
56397,2024-05-23 15:49:21,,1,,1,0,0
82634,2024-05-23 15:49:49,,0,,7,0,0
81012,2024-05-23 16:02:48,,1,,9,1,350
33272,2024-05-23 16:04:50,,1,,7,0,0
89497,2024-05-23 16:07:21,,0,,4,0,0
88658,2024-05-23 16:10:04,,0,,10,0,0
55806,2024-05-23 16:15:39,,1,,4,0,0
88574,2024-05-23 16:22:40,,0,,4,1,232
38173,2024-05-23 16:25:27,,1,,7,0,0
65299,2024-05-23 16:32:36,,1,,4,0,0
81672,2024-05-23 16:46:28,,0,,7,0,0
13187,2024-05-23 16:56:19,,1,,4,0,0
6050,2024-05-23 17:23:50,,1,,5,1,558
947,2024-05-23 17:43:49,,0,,6,0,0
53821,2024-05-23 17:55:03,,1,,5,0,0
66658,2024-05-23 17:56:29,,1,,7,0,0
53366,2024-05-23 18:01:47,,0,,1,1,265
75720,2024-05-23 18:05:19,,0,,5,0,0
490,2024-05-23 18:08:50,,0,,12,0,0
23024,2024-05-23 18:26:20,,1,,5,0,0
20915,2024-05-23 18:51:11,,1,,9,0,0
92936,2024-05-23 19:28:16,,1,,7,1,155
19020,2024-05-23 19:37:10,,0,,12,0,0
1045,2024-05-23 19:50:19,,1,,13,0,0
45089,2024-05-23 19:56:28,,1,,4,1,304
947,2024-05-23 20:02:48,,0,,7,0,0
52552,2024-05-23 20:11:52,,0,,5,1,364
2359,2024-05-23 20:13:04,,1,,5,1,265
27966,2024-05-23 20:30:57,,0,,8,1,274
85730,2024-05-23 20:53:06,,0,,6,0,0
65180,2024-05-23 21:00:50,,0,,6,0,0
54698,2024-05-23 21:06:31,,0,,9,0,0
89813,2024-05-23 21:19:16,,0,,8,0,0
19361,2024-05-23 21:20:29,,0,,7,1,701
84524,2024-05-23 21:39:21,,1,,4,1,254
81012,2024-05-23 21:52:43,,0,,5,1,322
40508,2024-05-23 21:54:30,,0,,9,0,0
43335,2024-05-23 21:57:02,,0,,7,0,0
66111,2024-05-23 22:07:42,,0,,9,0,0
79194,2024-05-23 22:09:22,,0,,4,0,0
16855,2024-05-23 22:19:40,,1,,8,0,0
12603,2024-05-23 22:22:53,,0,,5,0,0
46957,2024-05-23 22:32:38,,0,,8,1,535
808,2024-05-23 22:34:01,,0,,3,1,227
56004,2024-05-23 22:38:24,,0,,7,0,0
8648,2024-05-23 22:47:15,,0,,0,1,275
82865,2024-05-23 22:47:58,,1,,5,1,506
68670,2024-05-23 22:48:40,,1,,5,1,368
59851,2024-05-23 22:50:02,,0,,2,0,0
12291,2024-05-23 22:56:53,,0,,10,0,0
15826,2024-05-23 23:00:30,,1,,9,1,328
86802,2024-05-23 23:09:10,,0,,11,1,245
92248,2024-05-23 23:09:19,,1,,3,0,0
35872,2024-05-23 23:09:44,,1,,4,1,310
73302,2024-05-23 23:17:00,,0,,6,0,0
86551,2024-05-23 23:40:00,,1,,9,0,0
13187,2024-05-23 23:47:46,,1,,5,0,0
24996,2024-05-23 23:51:12,,0,,6,1,311
49381,2024-05-23 23:58:53,,0,,6,0,0
40567,2024-05-24 00:01:42,,0,,5,0,0
69292,2024-05-24 00:10:19,,0,,10,1,213
17844,2024-05-24 00:21:10,,1,,9,0,0
31786,2024-05-24 00:28:52,,0,,8,1,623
1963,2024-05-24 00:44:52,,1,,6,0,0
59037,2024-05-24 01:11:42,,0,,6,0,0
54698,2024-05-24 01:47:58,,0,,11,0,0
55558,2024-05-24 01:49:58,,0,,8,0,0
66354,2024-05-24 01:58:16,,0,,9,1,288
78175,2024-05-24 02:03:44,,0,,5,1,190
32444,2024-05-24 02:17:20,,0,,7,0,0
52001,2024-05-24 02:22:12,,1,,6,1,276
68938,2024-05-24 02:51:15,,0,,4,0,0
28212,2024-05-24 03:15:17,,0,,8,0,0
16586,2024-05-24 03:22:46,,0,,9,1,392
28212,2024-05-24 03:23:03,,0,,7,1,631
25788,2024-05-24 03:28:44,,1,,4,0,0
55806,2024-05-24 03:35:20,,0,,4,1,363
40611,2024-05-24 03:48:27,,0,,7,0,0
32090,2024-05-24 03:56:09,,1,,2,0,0
236,2024-05-24 04:08:50,,0,,8,0,0
85042,2024-05-24 04:33:22,,0,,2,0,0
46205,2024-05-24 04:45:05,,0,,5,1,221
58509,2024-05-24 04:45:20,,0,,3,0,0
60190,2024-05-24 04:46:09,,1,,6,1,277
50395,2024-05-24 04:55:40,,0,,7,0,0
87557,2024-05-24 05:17:00,,1,,8,0,0
47594,2024-05-24 05:34:48,,1,,5,0,0
30360,2024-05-24 05:44:50,,0,,6,0,0
7233,2024-05-24 05:49:12,,1,,8,0,0
38720,2024-05-24 05:54:17,,0,,10,0,0
47203,2024-05-24 05:54:38,,1,,8,1,200
57271,2024-05-24 06:23:00,,0,,6,1,602
51112,2024-05-24 06:35:02,,1,,2,1,321
54001,2024-05-24 06:36:16,,0,,3,0,0
26754,2024-05-24 07:02:25,,1,,7,0,0
93986,2024-05-24 07:19:56,,1,,5,0,0
55892,2024-05-24 07:33:24,,0,,8,1,349
69936,2024-05-24 07:52:20,,1,,4,1,347
81233,2024-05-24 08:21:36,,0,,11,1,174
12796,2024-05-24 08:22:15,,0,,7,0,0
36022,2024-05-24 08:28:25,,0,,5,1,427
74687,2024-05-24 08:47:44,,1,,9,1,235
36220,2024-05-24 08:53:52,,1,,8,0,0
92102,2024-05-24 08:56:51,,1,,7,0,0
40780,2024-05-24 09:02:05,,0,,2,1,274
13245,2024-05-24 09:14:50,,0,,7,1,294
95764,2024-05-24 09:23:50,,1,,8,0,0
20681,2024-05-24 09:25:56,,0,,5,0,0
10166,2024-05-24 09:35:31,,0,,5,0,0
50170,2024-05-24 09:40:01,,0,,8,0,0
88652,2024-05-24 09:40:18,,1,,8,1,354
78110,2024-05-24 09:44:12,,1,,4,1,333
95764,2024-05-24 09:56:42,,0,,5,1,510
40470,2024-05-24 10:23:52,,0,,8,0,0
61355,2024-05-24 10:26:04,,1,,4,1,311
11012,2024-05-24 10:53:06,,1,,3,0,0
42548,2024-05-24 11:00:30,,1,,19,0,0
41882,2024-05-24 11:10:49,,1,,10,1,382
3330,2024-05-24 11:24:19,,0,,3,0,0
33955,2024-05-24 11:34:55,,0,,8,0,0
82234,2024-05-24 11:42:55,,1,,3,0,0
64038,2024-05-24 11:51:20,,0,,10,0,0
47777,2024-05-24 11:59:33,,0,,10,1,704
96973,2024-05-24 12:01:48,,0,,3,0,0
48650,2024-05-24 12:02:31,,0,,4,1,534
11517,2024-05-24 12:06:11,,1,,7,1,529
236,2024-05-24 12:20:21,,1,,5,0,0
27982,2024-05-24 12:24:59,,0,,7,0,0
38246,2024-05-24 12:33:02,,0,,4,0,0
20395,2024-05-24 12:35:12,,1,,2,0,0
64307,2024-05-24 12:43:14,,0,,6,0,0
66017,2024-05-24 12:46:39,,1,,6,1,248
45562,2024-05-24 12:53:10,,1,,5,1,475
6193,2024-05-24 13:03:35,,0,,9,0,0
60295,2024-05-24 13:06:50,,0,,8,0,0
50470,2024-05-24 13:10:50,,0,,10,0,0
81499,2024-05-24 13:13:46,,0,,7,1,307
31445,2024-05-24 13:38:35,,0,,12,0,0
77734,2024-05-24 13:58:53,,0,,5,0,0
13858,2024-05-24 14:00:06,,0,,7,1,471
58380,2024-05-24 14:00:53,,0,,8,0,0
58556,2024-05-24 14:08:28,,0,,1,0,0
19020,2024-05-24 14:25:43,,0,,8,0,0
81339,2024-05-24 14:31:29,,0,,3,1,148
57082,2024-05-24 14:32:52,,0,,6,1,305
64202,2024-05-24 14:40:09,,0,,7,0,0
36187,2024-05-24 14:46:21,,1,,8,0,0
13849,2024-05-24 14:49:41,,0,,6,0,0
97367,2024-05-24 14:54:01,,0,,14,0,0
12187,2024-05-24 15:00:45,,0,,4,0,0
37632,2024-05-24 15:04:54,,0,,3,0,0
58185,2024-05-24 15:09:25,,0,,7,0,0
58509,2024-05-24 15:14:19,,0,,4,0,0
33319,2024-05-24 15:27:11,,0,,7,0,0
34154,2024-05-24 15:27:51,,0,,4,0,0
33250,2024-05-24 15:31:16,,1,,3,0,0
15263,2024-05-24 15:36:06,,0,,7,0,0
88009,2024-05-24 15:42:18,,0,,6,0,0
72134,2024-05-24 15:42:41,,1,,9,0,0
40211,2024-05-24 15:45:46,,0,,5,0,0
8238,2024-05-24 15:55:58,,0,,9,1,311
60295,2024-05-24 16:02:31,,0,,3,1,195
56031,2024-05-24 16:16:06,,0,,6,0,0
46648,2024-05-24 16:24:16,,1,,6,1,434
45070,2024-05-24 16:33:14,,0,,8,0,0
46226,2024-05-24 16:33:25,,0,,10,0,0
49643,2024-05-24 16:40:48,,0,,2,0,0
78442,2024-05-24 16:42:53,,0,,5,0,0
92700,2024-05-24 16:44:48,,0,,5,0,0
24835,2024-05-24 16:48:16,,1,,8,0,0
8520,2024-05-24 16:54:50,,0,,5,1,455
20045,2024-05-24 16:55:50,,0,,5,0,0
8135,2024-05-24 17:15:36,,0,,8,0,0
47010,2024-05-24 17:15:36,,0,,7,0,0
58380,2024-05-24 17:16:15,,1,,9,0,0
3825,2024-05-24 17:19:21,,0,,11,0,0
44875,2024-05-24 17:20:04,,0,,8,0,0
5458,2024-05-24 17:24:27,,0,,3,0,0
88864,2024-05-24 17:41:08,,0,,10,0,0
49380,2024-05-24 17:46:06,,0,,8,0,0
50649,2024-05-24 17:55:32,,0,,1,0,0
60484,2024-05-24 18:24:34,,0,,4,0,0
35569,2024-05-24 18:31:16,,0,,7,0,0
36187,2024-05-24 18:44:35,,0,,8,0,0
32830,2024-05-24 19:02:39,,1,,4,1,356
48819,2024-05-24 19:03:55,,0,,6,0,0
18366,2024-05-24 19:11:42,,0,,4,1,183
62770,2024-05-24 19:25:26,,0,,4,0,0
16552,2024-05-24 19:35:40,,1,,11,0,0
15720,2024-05-24 19:38:30,,1,,4,0,0
62743,2024-05-24 19:40:57,,0,,4,0,0
91948,2024-05-24 19:46:42,,0,,10,0,0
27974,2024-05-24 19:51:35,,0,,3,1,309
77954,2024-05-24 20:37:07,,0,,2,0,0
15263,2024-05-24 20:38:14,,1,,4,1,263
54631,2024-05-24 20:40:40,,0,,7,1,170
44760,2024-05-24 20:48:18,,0,,6,1,287
15720,2024-05-24 21:08:29,,0,,3,0,0
2121,2024-05-24 21:08:35,,0,,9,0,0
37869,2024-05-24 21:09:15,,0,,7,1,376
24096,2024-05-24 21:12:12,,0,,13,0,0
19361,2024-05-24 21:19:52,,1,,6,1,319
89532,2024-05-24 21:35:54,,1,,5,1,220
56125,2024-05-24 21:47:22,,1,,5,1,381
85631,2024-05-24 21:47:33,,0,,8,0,0
31513,2024-05-24 22:04:26,,0,,5,0,0
27318,2024-05-24 22:16:04,,1,,4,1,401
1963,2024-05-24 22:18:17,,0,,3,0,0
19452,2024-05-24 22:48:18,,0,,5,0,0
68712,2024-05-24 23:02:16,,1,,6,0,0
65921,2024-05-24 23:04:06,,0,,2,0,0
44303,2024-05-24 23:05:23,,0,,3,0,0
23980,2024-05-24 23:09:05,,1,,3,0,0
67422,2024-05-24 23:12:27,,0,,7,0,0
33250,2024-05-24 23:33:09,,0,,4,0,0
43010,2024-05-24 23:35:18,,0,,6,0,0
38640,2024-05-24 23:39:03,,0,,7,1,218
10955,2024-05-24 23:43:34,,0,,6,0,0
87152,2024-05-24 23:46:55,,0,,5,0,0
71093,2024-05-24 23:49:21,,1,,11,0,0
37100,2024-05-25 00:06:13,,1,,4,0,0
33873,2024-05-25 00:22:27,,1,,1,0,0
16586,2024-05-25 00:25:28,,0,,7,0,0
38614,2024-05-25 00:25:58,,1,,4,1,286
72446,2024-05-25 00:26:13,,0,,6,0,0
12187,2024-05-25 00:41:53,,0,,8,1,330
23648,2024-05-25 00:56:25,,0,,7,0,0
24489,2024-05-25 01:13:20,,0,,5,1,238
1676,2024-05-25 01:23:45,,0,,9,0,0
78485,2024-05-25 01:49:15,,0,,2,0,0
12004,2024-05-25 02:55:00,,0,,7,0,0
63852,2024-05-25 03:03:49,,0,,11,0,0
82405,2024-05-25 03:19:59,,0,,8,1,383
17378,2024-05-25 03:42:58,,0,,4,0,0
31445,2024-05-25 03:43:27,,0,,3,0,0
54230,2024-05-25 04:09:34,,0,,8,1,279
48399,2024-05-25 04:12:51,,1,,4,0,0
28897,2024-05-25 04:36:10,,0,,9,0,0
29454,2024-05-25 05:06:33,,1,,4,0,0
37632,2024-05-25 05:10:28,,0,,4,0,0
92284,2024-05-25 05:12:24,,0,,6,0,0
32913,2024-05-25 05:13:25,,0,,8,0,0
64011,2024-05-25 05:25:54,,0,,9,0,0
88009,2024-05-25 05:50:29,,1,,3,1,250
20248,2024-05-25 05:52:48,,0,,3,0,0
49379,2024-05-25 06:29:35,,0,,7,1,366
58646,2024-05-25 06:34:17,,0,,6,0,0
85042,2024-05-25 07:02:15,,0,,5,0,0
52073,2024-05-25 07:54:10,,1,,7,0,0
17497,2024-05-25 08:16:27,,0,,10,0,0
53073,2024-05-25 08:33:16,,0,,8,1,309
67917,2024-05-25 08:44:50,,0,,6,0,0
26257,2024-05-25 08:56:17,,0,,6,1,188
79159,2024-05-25 09:18:53,,0,,8,0,0
90706,2024-05-25 09:24:28,,0,,3,0,0
63100,2024-05-25 09:46:34,,1,,6,1,335
13229,2024-05-25 09:49:38,,0,,5,0,0
18737,2024-05-25 09:53:14,,1,,6,0,0
6432,2024-05-25 09:58:12,,0,,10,0,0
70473,2024-05-25 10:15:41,,0,,7,0,0
73793,2024-05-25 10:25:19,,0,,5,1,339
8155,2024-05-25 10:26:10,,0,,5,0,0
58556,2024-05-25 10:34:58,,0,,2,1,232
25636,2024-05-25 10:40:34,,1,,4,1,225
79725,2024-05-25 10:44:44,,0,,6,1,176
22173,2024-05-25 10:45:13,,0,,9,0,0
58185,2024-05-25 10:49:24,,0,,10,1,230
99332,2024-05-25 10:52:42,,0,,6,0,0
86551,2024-05-25 10:55:42,,0,,8,1,313
60166,2024-05-25 11:09:57,,0,,7,0,0
41631,2024-05-25 11:18:55,,0,,7,0,0
67448,2024-05-25 11:19:23,,1,,2,0,0
73514,2024-05-25 11:19:25,,0,,10,0,0
85280,2024-05-25 11:28:49,,0,,6,0,0
65998,2024-05-25 11:33:43,,1,,10,0,0
40567,2024-05-25 11:35:45,,0,,6,1,323
78175,2024-05-25 11:40:26,,0,,5,1,310
20676,2024-05-25 11:49:35,,1,,5,1,661
69352,2024-05-25 11:49:44,,0,,8,0,0
74063,2024-05-25 12:08:41,,0,,5,1,302
52012,2024-05-25 12:10:19,,0,,7,0,0
82405,2024-05-25 12:17:34,,0,,4,0,0
45103,2024-05-25 12:19:32,,0,,4,1,376
30825,2024-05-25 12:21:00,,0,,10,0,0
25788,2024-05-25 12:23:01,,1,,8,1,347
52012,2024-05-25 12:32:01,,0,,20,0,0
53915,2024-05-25 12:40:41,,0,,7,1,330
12525,2024-05-25 12:41:45,,0,,2,1,180
5820,2024-05-25 12:42:07,,1,,3,1,252
70923,2024-05-25 12:43:01,,0,,8,1,539
59851,2024-05-25 12:51:13,,1,,10,0,0
76807,2024-05-25 13:07:23,,0,,9,0,0
15229,2024-05-25 13:10:24,,1,,5,0,0
53215,2024-05-25 13:27:12,,0,,9,0,0
13402,2024-05-25 13:29:57,,0,,3,1,495
23849,2024-05-25 13:41:53,,0,,4,1,260
33955,2024-05-25 13:45:25,,0,,5,0,0
17869,2024-05-25 13:48:50,,0,,4,0,0
65907,2024-05-25 13:56:42,,0,,6,1,360
7085,2024-05-25 14:38:50,,1,,7,0,0
70471,2024-05-25 14:43:53,,1,,4,0,0
6061,2024-05-25 14:53:44,,0,,6,0,0
33319,2024-05-25 14:56:16,,0,,7,0,0
81499,2024-05-25 14:57:09,,0,,4,0,0
71256,2024-05-25 14:58:07,,1,,5,1,206
55714,2024-05-25 15:01:17,,0,,7,0,0
56004,2024-05-25 15:20:27,,1,,7,0,0
98080,2024-05-25 15:35:20,,0,,3,0,0
35569,2024-05-25 15:44:42,,0,,5,0,0
77954,2024-05-25 15:49:47,,0,,5,0,0
4136,2024-05-25 15:53:15,,0,,3,1,206
69292,2024-05-25 16:02:07,,0,,10,1,247
66691,2024-05-25 16:36:16,,0,,4,0,0
17285,2024-05-25 16:46:26,,0,,8,0,0
13245,2024-05-25 16:51:08,,0,,9,1,233
94286,2024-05-25 16:57:50,,0,,6,1,363
7085,2024-05-25 17:01:15,,1,,6,0,0
38206,2024-05-25 17:04:26,,0,,9,0,0
12525,2024-05-25 17:05:28,,0,,7,0,0
70523,2024-05-25 17:10:08,,0,,7,0,0
13229,2024-05-25 17:16:15,,0,,3,0,0
47777,2024-05-25 17:21:56,,0,,6,1,486
46802,2024-05-25 17:30:48,,1,,6,0,0
8336,2024-05-25 17:38:09,,0,,5,0,0
16418,2024-05-25 17:50:35,,1,,9,0,0
53615,2024-05-25 18:06:31,,1,,6,1,207
74046,2024-05-25 18:23:43,,0,,8,0,0
12603,2024-05-25 18:33:27,,0,,4,1,564
66111,2024-05-25 18:33:37,,0,,4,0,0
83214,2024-05-25 18:42:17,,0,,8,0,0
71149,2024-05-25 18:47:53,,0,,4,0,0
12453,2024-05-25 18:52:08,,0,,7,0,0
42028,2024-05-25 18:56:09,,1,,8,0,0
44303,2024-05-25 18:58:20,,1,,4,0,0
85631,2024-05-25 18:59:35,,0,,4,0,0
69292,2024-05-25 19:05:53,,0,,10,1,296
16425,2024-05-25 19:06:59,,0,,7,0,0
40072,2024-05-25 19:09:48,,0,,4,0,0
78632,2024-05-25 19:15:17,,1,,11,0,0
52599,2024-05-25 19:17:47,,1,,8,0,0
58694,2024-05-25 19:19:08,,0,,5,0,0
88727,2024-05-25 19:21:43,,0,,6,0,0
86521,2024-05-25 19:26:09,,0,,4,1,306
28212,2024-05-25 19:30:43,,0,,5,1,274
13544,2024-05-25 19:35:42,,1,,7,1,319
33955,2024-05-25 19:42:24,,0,,6,1,253
9968,2024-05-25 19:49:52,,0,,4,0,0
36835,2024-05-25 19:57:39,,0,,1,1,361
57866,2024-05-25 20:17:51,,1,,4,0,0
53915,2024-05-25 20:25:43,,0,,4,0,0
61242,2024-05-25 20:33:30,,0,,4,0,0
69448,2024-05-25 20:35:27,,0,,7,0,0
65474,2024-05-25 20:35:54,,0,,7,0,0
19947,2024-05-25 20:38:37,,1,,8,0,0
75454,2024-05-25 20:42:17,,0,,4,1,427
67852,2024-05-25 20:54:57,,0,,4,0,0
16418,2024-05-25 21:01:26,,1,,5,0,0
29454,2024-05-25 21:25:21,,0,,9,0,0
50195,2024-05-25 21:31:46,,0,,6,0,0
95682,2024-05-25 21:43:13,,0,,12,0,0
44875,2024-05-25 21:56:24,,0,,7,1,463
56456,2024-05-25 22:06:23,,0,,1,0,0
947,2024-05-25 22:14:21,,0,,3,0,0
77775,2024-05-25 22:36:08,,0,,4,0,0
21072,2024-05-25 22:41:19,,1,,11,1,294
55851,2024-05-25 23:02:36,,0,,6,1,423
26754,2024-05-25 23:03:19,,0,,9,0,0
99332,2024-05-25 23:16:31,,0,,4,0,0
62181,2024-05-25 23:18:23,,0,,11,0,0
73302,2024-05-25 23:20:20,,1,,9,0,0
88180,2024-05-25 23:23:17,,0,,6,0,0
14380,2024-05-25 23:39:42,,0,,8,0,0
29589,2024-05-25 23:50:02,,0,,4,1,231
18366,2024-05-26 00:10:25,,0,,10,0,0
29017,2024-05-26 00:17:25,,1,,6,1,485
51402,2024-05-26 00:21:06,,0,,5,1,319
62941,2024-05-26 00:22:05,,0,,2,1,286
84154,2024-05-26 00:53:07,,0,,3,1,237
87145,2024-05-26 01:11:25,,1,,5,0,0
72134,2024-05-26 01:19:11,,0,,8,1,450
12671,2024-05-26 01:44:41,,0,,9,0,0
38963,2024-05-26 02:12:52,,1,,9,0,0
42028,2024-05-26 02:32:21,,1,,3,0,0
24921,2024-05-26 02:36:06,,0,,7,1,368
1379,2024-05-26 02:39:39,,0,,5,0,0
55539,2024-05-26 03:05:26,,0,,8,0,0
36220,2024-05-26 03:14:56,,1,,2,0,0
89532,2024-05-26 03:20:01,,0,,10,1,249
7936,2024-05-26 03:34:55,,1,,10,0,0
37869,2024-05-26 03:39:43,,0,,6,1,562
35872,2024-05-26 03:42:58,,1,,7,0,0
9153,2024-05-26 03:49:14,,1,,1,0,0
57761,2024-05-26 04:15:00,,0,,2,0,0
60144,2024-05-26 05:34:23,,0,,5,0,0
3815,2024-05-26 05:47:32,,1,,7,0,0
92586,2024-05-26 06:28:24,,0,,7,1,553
92724,2024-05-26 06:33:59,,0,,10,0,0
42810,2024-05-26 07:03:22,,0,,8,0,0
62820,2024-05-26 07:54:25,,1,,5,0,0
54835,2024-05-26 08:04:47,,0,,11,1,269
3825,2024-05-26 08:05:56,,1,,3,0,0
73204,2024-05-26 08:09:09,,1,,8,0,0
31675,2024-05-26 08:09:20,,0,,2,1,473
47375,2024-05-26 08:22:44,,0,,6,1,230
44592,2024-05-26 08:31:07,,0,,6,0,0
32134,2024-05-26 08:42:59,,0,,15,1,427
4019,2024-05-26 08:47:54,,0,,4,1,454
96623,2024-05-26 08:50:36,,0,,7,1,372
17637,2024-05-26 09:01:06,,0,,1,0,0
11805,2024-05-26 09:08:37,,0,,6,1,339
38640,2024-05-26 09:09:33,,1,,8,0,0
65194,2024-05-26 09:13:16,,0,,8,0,0
42810,2024-05-26 09:14:22,,1,,9,0,0
33250,2024-05-26 09:20:20,,0,,6,0,0
30825,2024-05-26 09:26:54,,0,,5,1,400
50470,2024-05-26 09:38:04,,0,,2,0,0
94427,2024-05-26 09:59:47,,0,,9,0,0
12763,2024-05-26 10:03:32,,0,,7,0,0
34154,2024-05-26 10:27:02,,0,,4,0,0
74023,2024-05-26 10:43:45,,0,,2,0,0
82057,2024-05-26 10:51:59,,0,,9,0,0
89532,2024-05-26 11:13:37,,1,,10,0,0
64831,2024-05-26 11:20:07,,0,,4,1,204
15263,2024-05-26 11:22:50,,1,,5,0,0
50018,2024-05-26 11:33:03,,0,,6,1,424
57082,2024-05-26 11:33:21,,1,,7,1,260
57397,2024-05-26 11:45:29,,0,,2,0,0
39150,2024-05-26 12:03:51,,0,,7,1,241
90156,2024-05-26 12:09:58,,0,,6,0,0
64796,2024-05-26 12:15:04,,0,,7,1,428
94502,2024-05-26 12:18:50,,0,,6,0,0
69352,2024-05-26 12:27:00,,1,,6,0,0
21852,2024-05-26 12:35:50,,0,,6,1,204
17869,2024-05-26 12:36:07,,0,,4,0,0
12525,2024-05-26 12:43:01,,0,,3,1,411
85379,2024-05-26 12:43:05,,0,,7,0,0
40211,2024-05-26 12:55:30,,0,,5,1,516
3341,2024-05-26 13:10:04,,0,,5,0,0
56647,2024-05-26 13:18:04,,0,,6,0,0
81358,2024-05-26 13:23:19,,0,,9,0,0
52552,2024-05-26 13:34:44,,1,,7,0,0
59691,2024-05-26 13:39:30,,0,,8,1,515
70339,2024-05-26 13:44:04,,0,,10,0,0
66599,2024-05-26 13:54:35,,1,,8,0,0
57824,2024-05-26 13:55:35,,0,,3,1,612
3375,2024-05-26 14:10:22,,0,,8,0,0
1768,2024-05-26 14:14:18,,1,,7,1,207
80185,2024-05-26 14:18:47,,1,,4,1,243
99346,2024-05-26 14:43:35,,1,,6,1,446
81672,2024-05-26 14:58:36,,0,,4,0,0
13954,2024-05-26 15:03:59,,0,,7,0,0
15720,2024-05-26 15:08:47,,0,,8,0,0
61407,2024-05-26 15:11:05,,0,,4,0,0
26257,2024-05-26 15:21:29,,0,,7,0,0
89286,2024-05-26 15:25:46,,0,,3,0,0
77173,2024-05-26 15:43:22,,1,,7,1,918
96298,2024-05-26 15:55:24,,0,,1,0,0
69035,2024-05-26 15:59:24,,0,,7,1,423
69521,2024-05-26 16:20:09,,1,,5,0,0
93203,2024-05-26 16:20:46,,0,,3,0,0
73026,2024-05-26 16:30:18,,0,,8,0,0
66265,2024-05-26 16:46:34,,0,,2,0,0
62938,2024-05-26 16:57:50,,0,,5,0,0
74980,2024-05-26 16:59:08,,1,,10,1,217
38671,2024-05-26 17:07:37,,1,,5,1,383
964,2024-05-26 17:07:40,,1,,5,0,0
55041,2024-05-26 17:14:36,,0,,9,1,379
57761,2024-05-26 17:31:57,,0,,4,1,222
33035,2024-05-26 17:32:26,,0,,6,0,0
61508,2024-05-26 17:40:48,,1,,7,0,0
68299,2024-05-26 17:46:20,,1,,6,0,0
48604,2024-05-26 17:46:43,,1,,6,1,415
6439,2024-05-26 17:58:19,,1,,6,0,0
66599,2024-05-26 18:03:18,,0,,9,0,0
90194,2024-05-26 18:25:00,,1,,10,0,0
34354,2024-05-26 18:26:17,,1,,7,1,242
36835,2024-05-26 18:33:51,,0,,3,1,278
21518,2024-05-26 18:37:59,,0,,6,0,0
68292,2024-05-26 18:49:21,,0,,2,0,0
3815,2024-05-26 19:00:27,,1,,3,0,0
95645,2024-05-26 19:02:56,,0,,6,0,0
68415,2024-05-26 19:24:17,,1,,10,1,327
77524,2024-05-26 19:24:47,,0,,7,1,322
26257,2024-05-26 19:40:40,,0,,7,1,115
63924,2024-05-26 20:08:17,,0,,3,0,0
55670,2024-05-26 20:14:32,,0,,4,0,0
85280,2024-05-26 20:30:35,,0,,4,1,380
36560,2024-05-26 20:40:21,,1,,5,0,0
60689,2024-05-26 20:43:26,,1,,10,0,0
95258,2024-05-26 20:44:10,,1,,7,0,0
33548,2024-05-26 20:52:39,,0,,6,0,0
38744,2024-05-26 21:04:59,,0,,6,0,0
89871,2024-05-26 21:05:57,,0,,6,1,198
64669,2024-05-26 21:10:10,,1,,3,1,325
23024,2024-05-26 21:11:09,,0,,11,0,0
18952,2024-05-26 21:12:14,,0,,12,0,0
81437,2024-05-26 21:13:28,,0,,3,1,343
10955,2024-05-26 21:16:31,,0,,6,0,0
6558,2024-05-26 21:18:38,,0,,3,0,0
13849,2024-05-26 21:21:04,,0,,6,0,0
27422,2024-05-26 21:31:43,,0,,5,1,341
6584,2024-05-26 21:33:55,,0,,8,0,0
87152,2024-05-26 21:55:51,,1,,11,0,0
53780,2024-05-26 22:04:12,,1,,6,0,0
15229,2024-05-26 22:20:11,,0,,12,0,0
96298,2024-05-26 22:46:10,,0,,4,0,0
38246,2024-05-26 22:48:45,,1,,9,0,0
3341,2024-05-26 22:50:52,,0,,6,0,0
21072,2024-05-26 22:56:49,,1,,7,1,325
5343,2024-05-26 23:04:39,,0,,8,0,0
28681,2024-05-26 23:04:45,,0,,7,1,310
38002,2024-05-26 23:06:26,,1,,7,1,215
66354,2024-05-26 23:09:03,,0,,6,0,0
55539,2024-05-26 23:12:44,,1,,4,0,0
39101,2024-05-26 23:22:18,,0,,3,0,0
35804,2024-05-26 23:25:26,,0,,3,0,0
87757,2024-05-26 23:43:47,,0,,8,1,230
43010,2024-05-26 23:52:25,,1,,5,0,0
87048,2024-05-26 23:52:34,,0,,1,0,0
85280,2024-05-27 00:01:07,,1,,6,1,232
24096,2024-05-27 00:17:42,,1,,9,0,0
21852,2024-05-27 00:24:45,,0,,4,1,315
39795,2024-05-27 00:49:31,,0,,5,1,255
34740,2024-05-27 00:55:06,,0,,4,0,0
40289,2024-05-27 01:03:14,,1,,5,0,0
34750,2024-05-27 01:07:04,,0,,7,0,0
4933,2024-05-27 01:22:15,,0,,8,1,414
21518,2024-05-27 01:33:07,,1,,6,0,0
88079,2024-05-27 02:06:06,,0,,6,0,0
97418,2024-05-27 02:19:19,,0,,6,0,0
3327,2024-05-27 02:39:00,,0,,4,0,0
50487,2024-05-27 02:49:48,,0,,4,1,282
48258,2024-05-27 03:13:17,,1,,5,1,267
50395,2024-05-27 03:32:08,,0,,3,0,0
21924,2024-05-27 03:36:33,,0,,11,0,0
24165,2024-05-27 03:39:36,,0,,8,1,338
88061,2024-05-27 03:42:45,,0,,4,0,0
11805,2024-05-27 03:43:55,,0,,3,1,280
55952,2024-05-27 04:09:36,,0,,6,0,0
74063,2024-05-27 04:17:25,,0,,10,0,0
44066,2024-05-27 04:18:59,,0,,6,0,0
63924,2024-05-27 04:36:33,,0,,3,0,0
51402,2024-05-27 04:48:23,,0,,5,0,0
23840,2024-05-27 04:55:33,,0,,9,0,0
64203,2024-05-27 05:07:10,,0,,4,0,0
91948,2024-05-27 05:20:55,,0,,6,0,0
87403,2024-05-27 05:22:22,,0,,9,0,0
39795,2024-05-27 05:34:47,,0,,8,0,0
85234,2024-05-27 05:41:41,,1,,6,0,0
55605,2024-05-27 06:04:07,,0,,5,1,230
39696,2024-05-27 06:08:32,,1,,10,0,0
18641,2024-05-27 07:24:43,,0,,5,1,251
54001,2024-05-27 07:25:38,,0,,5,0,0
89532,2024-05-27 07:51:35,,0,,7,1,282
40366,2024-05-27 08:33:08,,0,,5,1,179
77775,2024-05-27 08:34:49,,0,,5,0,0
7936,2024-05-27 08:41:51,,0,,9,0,0
47564,2024-05-27 08:44:07,,0,,11,1,269
21644,2024-05-27 08:44:12,,0,,6,0,0
86767,2024-05-27 08:50:59,,0,,12,1,435
45562,2024-05-27 09:10:52,,0,,4,0,0
37973,2024-05-27 09:14:32,,1,,10,0,0
38614,2024-05-27 09:16:52,,0,,4,1,204
52639,2024-05-27 09:23:43,,0,,4,0,0
49643,2024-05-27 09:25:33,,1,,10,0,0
78110,2024-05-27 09:39:59,,0,,5,0,0
78632,2024-05-27 09:49:39,,0,,3,0,0
7720,2024-05-27 09:58:27,,1,,5,0,0
46802,2024-05-27 10:10:15,,1,,5,1,283
44875,2024-05-27 10:16:24,,0,,9,0,0
19319,2024-05-27 10:17:11,,0,,5,0,0
49147,2024-05-27 10:19:30,,0,,11,0,0
74143,2024-05-27 10:22:47,,0,,5,1,435
236,2024-05-27 10:25:43,,0,,2,0,0
56150,2024-05-27 10:26:57,,1,,6,0,0
1440,2024-05-27 10:33:05,,1,,6,1,372
68395,2024-05-27 10:47:36,,0,,6,0,0
16418,2024-05-27 10:50:38,,0,,7,0,0
97367,2024-05-27 10:51:54,,1,,7,1,485
16552,2024-05-27 11:02:13,,0,,6,0,0
62706,2024-05-27 11:32:44,,0,,8,0,0
79797,2024-05-27 11:33:11,,1,,5,0,0
70754,2024-05-27 11:40:27,,0,,5,0,0
69642,2024-05-27 11:41:54,,0,,6,0,0
97106,2024-05-27 11:52:55,,0,,6,1,229
77968,2024-05-27 12:00:23,,0,,8,0,0
5052,2024-05-27 12:11:51,,1,,5,1,348
11260,2024-05-27 12:12:54,,1,,2,0,0
36541,2024-05-27 12:30:55,,0,,4,0,0
603,2024-05-27 12:31:53,,0,,4,0,0
74418,2024-05-27 12:32:03,,0,,5,1,264
70473,2024-05-27 12:33:38,,0,,7,1,176
58942,2024-05-27 12:35:46,,0,,5,0,0
34750,2024-05-27 12:39:16,,0,,7,0,0
58329,2024-05-27 12:41:54,,0,,9,0,0
78442,2024-05-27 12:54:16,,0,,6,0,0
83298,2024-05-27 12:54:38,,1,,7,0,0
2359,2024-05-27 12:55:57,,1,,6,1,307
10723,2024-05-27 13:12:37,,1,,7,1,393
45070,2024-05-27 13:42:32,,1,,2,1,400
40072,2024-05-27 13:43:59,,0,,5,0,0
31445,2024-05-27 13:53:18,,0,,3,0,0
4136,2024-05-27 14:03:40,,1,,9,0,0
52639,2024-05-27 14:25:12,,0,,10,1,507
18658,2024-05-27 14:38:32,,0,,6,1,484
70231,2024-05-27 14:41:32,,0,,6,0,0
70222,2024-05-27 14:41:39,,1,,9,0,0
32968,2024-05-27 14:49:17,,0,,7,0,0
38695,2024-05-27 14:50:31,,0,,5,1,427
41324,2024-05-27 14:54:50,,1,,7,0,0
27326,2024-05-27 15:04:57,,0,,4,0,0
19559,2024-05-27 15:17:07,,0,,8,1,619
29395,2024-05-27 15:38:40,,0,,6,1,232
30439,2024-05-27 15:40:50,,1,,6,0,0
21811,2024-05-27 16:02:28,,0,,10,0,0
17378,2024-05-27 16:05:28,,0,,4,0,0
73204,2024-05-27 16:08:45,,1,,4,0,0
87877,2024-05-27 16:17:40,,0,,7,1,346
84683,2024-05-27 16:23:27,,0,,8,0,0
46323,2024-05-27 16:25:06,,1,,5,0,0
20045,2024-05-27 16:36:23,,0,,10,0,0
89871,2024-05-27 16:45:43,,1,,7,0,0
71706,2024-05-27 16:50:38,,1,,6,0,0
36311,2024-05-27 16:52:22,,1,,3,1,572
76004,2024-05-27 17:02:15,,0,,5,0,0
236,2024-05-27 17:09:17,,0,,4,0,0
2894,2024-05-27 17:33:46,,1,,6,0,0
71895,2024-05-27 17:36:46,,1,,6,0,0
29081,2024-05-27 17:38:58,,0,,8,0,0
56031,2024-05-27 17:58:21,,1,,9,1,652
947,2024-05-27 18:04:02,,0,,10,1,520
71706,2024-05-27 18:05:49,,0,,5,0,0
81012,2024-05-27 18:08:12,,0,,8,1,333
15650,2024-05-27 18:17:49,,0,,3,0,0
38614,2024-05-27 18:20:35,,1,,5,0,0
5343,2024-05-27 18:22:33,,0,,7,0,0
95682,2024-05-27 18:24:59,,0,,7,0,0
26257,2024-05-27 18:33:48,,0,,6,0,0
98314,2024-05-27 18:36:02,,0,,5,0,0
13402,2024-05-27 19:02:09,,0,,4,1,603
40676,2024-05-27 19:15:23,,0,,7,0,0
801,2024-05-27 19:27:11,,1,,9,1,266
85379,2024-05-27 19:45:01,,0,,0,1,250
55714,2024-05-27 19:47:05,,0,,7,1,248
65921,2024-05-27 20:01:07,,1,,7,1,256
61861,2024-05-27 20:10:09,,1,,6,0,0
62893,2024-05-27 20:30:58,,1,,8,0,0
80182,2024-05-27 20:35:59,,0,,9,0,0
23849,2024-05-27 20:39:11,,0,,8,0,0
52705,2024-05-27 20:42:15,,1,,4,0,0
32531,2024-05-27 21:00:08,,0,,7,0,0
98166,2024-05-27 21:35:09,,0,,6,0,0
31445,2024-05-27 21:37:34,,1,,7,0,0
44701,2024-05-27 21:42:22,,0,,4,0,0
32225,2024-05-27 21:46:06,,1,,8,0,0
40240,2024-05-27 21:46:48,,0,,4,0,0
97637,2024-05-27 21:50:06,,1,,6,0,0
20623,2024-05-27 21:55:11,,0,,5,0,0
95986,2024-05-27 22:15:10,,0,,8,0,0
45831,2024-05-27 22:18:29,,0,,6,0,0
44367,2024-05-27 22:20:56,,0,,3,0,0
70222,2024-05-27 22:27:23,,0,,8,0,0
5520,2024-05-27 22:28:14,,1,,9,1,392
77775,2024-05-27 22:30:53,,0,,7,1,248
36072,2024-05-27 23:00:22,,0,,3,1,285
4136,2024-05-27 23:02:11,,0,,8,1,603
92076,2024-05-27 23:05:25,,0,,2,0,0
99346,2024-05-27 23:07:16,,0,,8,1,415
37603,2024-05-27 23:08:35,,0,,7,1,402
56150,2024-05-27 23:25:47,,0,,6,0,0
8194,2024-05-27 23:28:44,,0,,6,1,261
50771,2024-05-27 23:36:38,,1,,7,0,0
92586,2024-05-27 23:38:01,,0,,5,1,510
46841,2024-05-27 23:39:08,,0,,2,1,283
29898,2024-05-27 23:56:55,,0,,8,0,0
59954,2024-05-27 23:58:18,,1,,4,1,358
76274,2024-05-27 23:59:01,,0,,6,0,0
77029,2024-05-28 00:19:28,,1,,4,0,0
22592,2024-05-28 01:01:09,,0,,5,1,357
13229,2024-05-28 01:16:52,,0,,10,0,0
33250,2024-05-28 01:18:09,,0,,5,1,350
79943,2024-05-28 01:19:01,,0,,5,0,0
93180,2024-05-28 01:52:01,,0,,3,0,0
66691,2024-05-28 01:52:56,,0,,4,0,0
99332,2024-05-28 01:56:41,,0,,5,1,245
50753,2024-05-28 02:16:26,,1,,9,1,585
4366,2024-05-28 03:20:58,,0,,8,0,0
49199,2024-05-28 03:58:25,,0,,3,0,0
74038,2024-05-28 04:06:33,,1,,11,0,0
25568,2024-05-28 04:47:51,,0,,4,0,0
13325,2024-05-28 05:23:15,,0,,7,0,0
18637,2024-05-28 05:41:38,,0,,7,0,0
31314,2024-05-28 05:45:26,,0,,3,0,0
81243,2024-05-28 05:54:10,,0,,6,1,292
58694,2024-05-28 06:31:01,,0,,4,0,0
77532,2024-05-28 06:32:41,,0,,3,1,165
13402,2024-05-28 07:28:18,,0,,6,0,0
98170,2024-05-28 07:46:36,,0,,3,1,294
42665,2024-05-28 07:57:49,,0,,4,0,0
3330,2024-05-28 08:07:15,,1,,4,0,0
37973,2024-05-28 08:12:12,,0,,5,0,0
94324,2024-05-28 08:23:43,,0,,5,0,0
33385,2024-05-28 08:32:23,,0,,6,1,579
69035,2024-05-28 08:36:59,,0,,4,0,0
15182,2024-05-28 09:06:41,,1,,7,0,0
74792,2024-05-28 09:07:32,,0,,10,1,481
23840,2024-05-28 09:07:40,,0,,8,0,0
52784,2024-05-28 09:20:03,,0,,6,1,630
74418,2024-05-28 09:42:42,,1,,12,1,237
12525,2024-05-28 10:01:27,,1,,5,0,0
50967,2024-05-28 10:28:46,,0,,8,0,0
60652,2024-05-28 10:37:59,,1,,5,0,0
46323,2024-05-28 11:04:09,,1,,5,0,0
65362,2024-05-28 11:12:46,,0,,4,0,0
34354,2024-05-28 11:14:53,,1,,7,0,0
87900,2024-05-28 11:17:33,,0,,5,0,0
3375,2024-05-28 11:25:38,,0,,7,0,0
6558,2024-05-28 11:34:02,,0,,6,1,489
81288,2024-05-28 11:50:43,,1,,6,1,594
90756,2024-05-28 12:03:37,,1,,10,0,0
27342,2024-05-28 12:04:38,,1,,7,0,0
16586,2024-05-28 12:10:20,,0,,11,0,0
57824,2024-05-28 12:17:14,,1,,4,1,351
24921,2024-05-28 12:18:49,,0,,5,0,0
98166,2024-05-28 12:19:01,,0,,6,0,0
61355,2024-05-28 12:22:42,,0,,8,0,0
38277,2024-05-28 12:40:02,,0,,5,1,512
30148,2024-05-28 12:42:23,,0,,2,1,394
89509,2024-05-28 12:59:01,,0,,12,0,0
16586,2024-05-28 13:07:20,,0,,9,1,471
98166,2024-05-28 13:23:01,,0,,8,1,387
18637,2024-05-28 13:31:12,,1,,4,0,0
59217,2024-05-28 13:33:22,,1,,3,0,0
55806,2024-05-28 13:37:44,,0,,9,0,0
93759,2024-05-28 13:41:39,,0,,12,0,0
64122,2024-05-28 13:50:24,,1,,5,0,0
8339,2024-05-28 13:50:36,,0,,6,1,359
52893,2024-05-28 13:50:47,,1,,3,1,276
61420,2024-05-28 13:53:23,,0,,9,1,282
15720,2024-05-28 13:54:39,,0,,2,0,0
64664,2024-05-28 14:08:47,,0,,9,0,0
93759,2024-05-28 14:17:31,,1,,9,0,0
87757,2024-05-28 14:21:24,,0,,6,0,0
96973,2024-05-28 14:37:00,,1,,6,0,0
603,2024-05-28 14:39:39,,0,,6,1,195
61862,2024-05-28 14:44:02,,0,,5,0,0
35486,2024-05-28 15:05:53,,1,,5,1,393
88652,2024-05-28 15:32:41,,0,,6,0,0
6389,2024-05-28 15:33:53,,1,,5,0,0
33019,2024-05-28 15:35:57,,0,,4,1,241
33213,2024-05-28 15:37:24,,0,,6,1,503
88837,2024-05-28 16:25:19,,0,,8,0,0
26054,2024-05-28 16:29:50,,1,,3,0,0
33596,2024-05-28 16:29:54,,0,,11,0,0
27974,2024-05-28 16:34:36,,1,,7,1,345
60167,2024-05-28 16:54:10,,1,,5,1,399
59005,2024-05-28 17:03:10,,1,,2,0,0
38463,2024-05-28 17:05:08,,1,,5,1,338
35682,2024-05-28 17:05:44,,1,,7,0,0
43984,2024-05-28 17:08:10,,1,,10,0,0
93203,2024-05-28 17:13:19,,0,,3,0,0
93167,2024-05-28 17:15:32,,0,,5,0,0
97081,2024-05-28 17:18:38,,1,,7,0,0
36572,2024-05-28 17:46:07,,0,,6,0,0
64038,2024-05-28 18:01:28,,0,,10,0,0
7936,2024-05-28 18:03:22,,1,,8,1,289
15263,2024-05-28 18:03:36,,0,,4,0,0
72522,2024-05-28 18:05:57,,0,,7,1,146
88273,2024-05-28 18:08:10,,0,,4,1,324
50470,2024-05-28 18:46:07,,0,,8,1,348
95986,2024-05-28 18:46:54,,1,,7,0,0
46342,2024-05-28 19:00:12,,1,,9,0,0
29081,2024-05-28 19:11:05,,1,,7,1,363
8367,2024-05-28 19:11:37,,0,,4,0,0
52705,2024-05-28 19:26:31,,0,,9,0,0
63775,2024-05-28 19:32:16,,1,,5,0,0
52501,2024-05-28 19:36:26,,1,,4,0,0
91017,2024-05-28 19:37:54,,0,,4,1,237
85234,2024-05-28 19:49:34,,0,,7,1,349
96693,2024-05-28 19:51:52,,0,,2,1,189
40072,2024-05-28 19:53:11,,1,,9,0,0
14822,2024-05-28 20:06:13,,1,,5,1,290
93167,2024-05-28 20:09:04,,0,,6,0,0
39696,2024-05-28 20:09:12,,1,,5,1,470
75320,2024-05-28 20:20:21,,0,,4,1,298
88009,2024-05-28 20:21:32,,1,,0,0,0
15139,2024-05-28 20:45:26,,0,,7,0,0
32212,2024-05-28 20:49:23,,1,,9,0,0
34249,2024-05-28 21:12:28,,0,,5,0,0
27318,2024-05-28 21:20:37,,1,,6,0,0
81358,2024-05-28 21:22:47,,1,,7,0,0
21933,2024-05-28 21:28:27,,0,,7,0,0
49973,2024-05-28 21:35:50,,0,,6,1,296
79159,2024-05-28 21:46:26,,0,,2,1,358
40240,2024-05-28 21:49:09,,0,,4,0,0
86147,2024-05-28 21:57:50,,1,,8,0,0
85640,2024-05-28 22:01:07,,0,,4,0,0
74770,2024-05-28 22:02:54,,0,,6,0,0
88009,2024-05-28 22:17:08,,1,,3,1,332
940,2024-05-28 22:18:05,,0,,10,0,0
36252,2024-05-28 22:19:11,,0,,6,1,308
57128,2024-05-28 22:53:41,,0,,4,1,340
60203,2024-05-28 23:03:48,,0,,7,0,0
66599,2024-05-28 23:06:42,,1,,7,1,242
34197,2024-05-28 23:09:42,,1,,10,1,196
61508,2024-05-28 23:14:35,,1,,6,1,259
38118,2024-05-28 23:20:23,,0,,4,1,351
9968,2024-05-28 23:21:41,,1,,7,0,0
41324,2024-05-28 23:28:59,,0,,5,1,497
28212,2024-05-28 23:43:08,,0,,3,1,445
89061,2024-05-28 23:50:44,,1,,5,0,0
18952,2024-05-28 23:54:09,,0,,4,0,0
54230,2024-05-29 00:12:53,,0,,7,0,0
1010,2024-05-29 00:15:10,,0,,8,1,246
44875,2024-05-29 00:17:21,,0,,10,0,0
74796,2024-05-29 00:40:09,,0,,6,0,0
20284,2024-05-29 00:46:14,,0,,5,0,0
13811,2024-05-29 00:57:51,,0,,5,1,244
10995,2024-05-29 01:05:18,,0,,1,1,337
6193,2024-05-29 01:07:37,,0,,7,0,0
51082,2024-05-29 01:10:27,,0,,7,1,434
83298,2024-05-29 01:13:28,,0,,5,0,0
60242,2024-05-29 01:17:04,,1,,3,0,0
15574,2024-05-29 01:40:10,,0,,9,0,0
73302,2024-05-29 01:47:37,,0,,7,1,388
12525,2024-05-29 02:18:21,,0,,4,1,184
21836,2024-05-29 02:52:29,,0,,6,0,0
43984,2024-05-29 03:46:03,,0,,2,0,0
61325,2024-05-29 04:20:21,,0,,6,0,0
85827,2024-05-29 04:51:05,,0,,7,1,198
93652,2024-05-29 05:43:40,,0,,12,0,0
8778,2024-05-29 05:44:35,,1,,2,0,0
27318,2024-05-29 06:01:59,,0,,7,0,0
15460,2024-05-29 06:02:27,,0,,11,0,0
78110,2024-05-29 06:03:29,,1,,9,0,0
6659,2024-05-29 06:08:17,,0,,11,0,0
490,2024-05-29 06:23:06,,0,,8,1,204
39441,2024-05-29 06:55:43,,0,,5,0,0
65694,2024-05-29 07:05:41,,0,,5,0,0
75963,2024-05-29 07:11:18,,1,,7,0,0
65362,2024-05-29 07:17:31,,1,,8,0,0
85730,2024-05-29 07:55:54,,0,,7,1,371
31314,2024-05-29 08:01:18,,1,,1,0,0
20248,2024-05-29 08:16:39,,1,,4,0,0
69292,2024-05-29 08:56:14,,1,,4,0,0
58196,2024-05-29 09:10:28,,1,,10,1,520
98736,2024-05-29 09:15:15,,0,,5,1,387
51402,2024-05-29 09:23:02,,1,,13,0,0
76004,2024-05-29 09:23:11,,0,,10,1,314
40289,2024-05-29 09:42:49,,0,,5,0,0
30395,2024-05-29 10:00:41,,1,,4,0,0
52613,2024-05-29 10:08:35,,0,,6,1,542
18641,2024-05-29 10:10:25,,1,,2,0,0
5227,2024-05-29 10:11:00,,0,,7,0,0
64011,2024-05-29 10:28:17,,0,,11,0,0
33955,2024-05-29 10:32:56,,0,,3,0,0
5763,2024-05-29 10:58:12,,0,,9,0,0
64664,2024-05-29 11:14:44,,1,,7,0,0
57290,2024-05-29 11:22:15,,0,,8,1,972
56219,2024-05-29 11:29:47,,0,,6,0,0
52769,2024-05-29 11:30:38,,1,,4,0,0
38750,2024-05-29 11:47:04,,1,,9,0,0
32375,2024-05-29 11:49:21,,0,,5,1,733
94324,2024-05-29 12:08:12,,0,,8,0,0
9728,2024-05-29 12:21:14,,1,,6,1,327
49561,2024-05-29 12:31:17,,0,,2,0,0
65868,2024-05-29 12:32:51,,0,,8,1,347
30223,2024-05-29 12:41:53,,0,,9,0,0
22790,2024-05-29 13:04:08,,0,,3,1,356
3327,2024-05-29 13:11:15,,1,,4,1,209
94926,2024-05-29 13:17:28,,0,,6,1,418
5226,2024-05-29 13:20:51,,0,,5,1,317
90756,2024-05-29 13:22:27,,0,,5,0,0
13067,2024-05-29 13:33:29,,1,,0,0,0
63008,2024-05-29 13:35:14,,1,,5,1,241
87341,2024-05-29 13:35:53,,0,,4,1,199
96298,2024-05-29 13:50:25,,0,,4,0,0
5520,2024-05-29 14:08:49,,0,,5,0,0
95986,2024-05-29 14:10:42,,0,,7,0,0
38963,2024-05-29 14:16:11,,1,,9,0,0
17844,2024-05-29 14:39:19,,0,,7,0,0
17072,2024-05-29 14:47:00,,1,,7,1,239
27318,2024-05-29 14:53:43,,0,,10,1,260
44367,2024-05-29 14:54:11,,0,,7,1,302
13402,2024-05-29 14:55:46,,0,,2,0,0
21584,2024-05-29 15:00:23,,1,,9,0,0
59194,2024-05-29 15:00:51,,0,,6,0,0
5763,2024-05-29 15:04:12,,1,,5,0,0
54959,2024-05-29 15:04:50,,1,,2,0,0
90915,2024-05-29 15:06:35,,1,,5,0,0
74046,2024-05-29 15:07:22,,0,,4,1,380
44094,2024-05-29 15:14:34,,0,,8,0,0
24483,2024-05-29 15:17:20,,1,,6,1,270
57271,2024-05-29 15:22:57,,1,,3,0,0
58329,2024-05-29 15:44:55,,0,,2,0,0
79613,2024-05-29 15:57:59,,1,,5,0,0
52156,2024-05-29 16:06:28,,0,,6,0,0
38614,2024-05-29 16:19:41,,0,,5,0,0
8238,2024-05-29 16:24:58,,0,,7,0,0
55892,2024-05-29 16:25:57,,0,,8,1,548
12359,2024-05-29 16:28:21,,0,,5,0,0
30360,2024-05-29 16:32:40,,0,,3,1,168
34249,2024-05-29 16:34:13,,1,,5,0,0
56265,2024-05-29 16:40:12,,0,,5,0,0
70231,2024-05-29 16:54:13,,0,,8,0,0
75672,2024-05-29 17:02:34,,0,,10,1,254
85379,2024-05-29 17:17:30,,0,,7,0,0
92724,2024-05-29 17:25:12,,0,,5,0,0
27422,2024-05-29 17:25:18,,0,,7,1,470
39696,2024-05-29 17:25:30,,0,,10,0,0
15135,2024-05-29 17:35:38,,0,,7,1,429
9298,2024-05-29 17:52:21,,0,,9,1,597
85640,2024-05-29 17:55:15,,1,,8,1,473
28681,2024-05-29 18:05:15,,1,,10,0,0
21940,2024-05-29 18:07:30,,0,,3,1,683
36541,2024-05-29 18:15:34,,0,,7,1,411
98080,2024-05-29 18:20:35,,1,,7,0,0
54347,2024-05-29 18:24:01,,0,,5,1,363
57082,2024-05-29 18:32:26,,1,,7,0,0
64775,2024-05-29 18:57:36,,0,,8,0,0
39441,2024-05-29 18:58:07,,0,,8,0,0
24996,2024-05-29 19:15:34,,0,,4,0,0
44194,2024-05-29 19:18:10,,0,,3,0,0
54230,2024-05-29 19:21:10,,1,,5,0,0
2720,2024-05-29 19:37:43,,0,,4,1,337
17804,2024-05-29 20:10:54,,1,,4,1,426
89286,2024-05-29 20:13:52,,0,,8,0,0
70222,2024-05-29 20:15:15,,1,,5,1,224
2954,2024-05-29 20:29:07,,1,,4,0,0
65180,2024-05-29 20:32:36,,0,,6,0,0
67448,2024-05-29 20:34:48,,1,,1,0,0
76706,2024-05-29 20:47:05,,0,,5,1,320
88727,2024-05-29 20:54:30,,0,,3,1,184
30360,2024-05-29 20:55:12,,0,,4,0,0
69352,2024-05-29 21:04:09,,0,,7,0,0
18268,2024-05-29 21:06:50,,1,,9,0,0
57029,2024-05-29 21:11:06,,0,,6,0,0
94902,2024-05-29 21:12:23,,1,,7,0,0
38246,2024-05-29 21:20:16,,0,,11,0,0
19319,2024-05-29 21:26:40,,0,,5,1,193
1088,2024-05-29 21:38:16,,1,,10,0,0
52784,2024-05-29 21:45:30,,0,,4,1,330
34382,2024-05-29 21:47:16,,1,,4,1,349
53683,2024-05-29 21:52:42,,1,,9,0,0
54835,2024-05-29 21:56:28,,1,,5,0,0
1676,2024-05-29 21:59:46,,1,,2,0,0
36522,2024-05-29 22:09:18,,0,,5,0,0
2720,2024-05-29 22:10:59,,0,,8,1,201
78107,2024-05-29 22:22:31,,0,,0,0,0
88652,2024-05-29 22:25:48,,0,,3,0,0
40366,2024-05-29 22:29:21,,1,,3,1,304
15275,2024-05-29 22:33:03,,1,,3,0,0
63302,2024-05-29 22:38:28,,0,,5,0,0
29898,2024-05-29 23:01:04,,0,,6,0,0
67917,2024-05-29 23:06:14,,0,,7,0,0
28681,2024-05-29 23:11:30,,1,,5,1,180
15275,2024-05-29 23:24:49,,0,,4,0,0
17869,2024-05-29 23:28:14,,0,,7,0,0
20248,2024-05-29 23:36:28,,0,,9,1,575
57029,2024-05-29 23:41:17,,0,,3,1,390
39889,2024-05-29 23:47:04,,0,,8,0,0
69448,2024-05-29 23:57:32,,1,,5,0,0
18290,2024-05-30 00:02:22,,1,,5,0,0
64011,2024-05-30 00:18:13,,0,,7,1,396
76004,2024-05-30 00:20:47,,0,,3,0,0
34197,2024-05-30 00:27:52,,1,,5,0,0
21584,2024-05-30 00:30:34,,1,,6,0,0
36311,2024-05-30 00:40:18,,0,,7,1,411
10723,2024-05-30 00:57:39,,0,,7,1,289
17869,2024-05-30 01:13:26,,1,,10,0,0
33873,2024-05-30 01:28:29,,0,,8,0,0
50018,2024-05-30 01:30:56,,1,,9,0,0
20284,2024-05-30 02:05:39,,0,,6,0,0
59993,2024-05-30 02:30:20,,0,,5,0,0
8194,2024-05-30 02:32:39,,0,,7,0,0
6537,2024-05-30 02:59:46,,0,,8,1,458
44534,2024-05-30 03:11:35,,0,,5,0,0
3330,2024-05-30 03:24:18,,0,,9,0,0
27540,2024-05-30 03:29:03,,0,,4,0,0
90753,2024-05-30 03:40:21,,0,,7,1,335
57271,2024-05-30 03:45:18,,0,,11,0,0
75380,2024-05-30 04:03:44,,0,,7,1,461
53947,2024-05-30 04:38:38,,1,,8,1,211
10213,2024-05-30 04:53:00,,0,,6,0,0
10166,2024-05-30 05:01:01,,0,,7,0,0
48399,2024-05-30 05:55:35,,0,,7,1,284
947,2024-05-30 06:13:03,,0,,5,0,0
62770,2024-05-30 06:15:14,,0,,5,0,0
78110,2024-05-30 06:44:18,,0,,10,0,0
27422,2024-05-30 07:02:18,,0,,12,0,0
20681,2024-05-30 07:05:04,,0,,6,0,0
75672,2024-05-30 07:41:23,,0,,6,0,0
90049,2024-05-30 07:54:54,,0,,5,0,0
1963,2024-05-30 08:06:27,,1,,6,1,427
5407,2024-05-30 08:07:14,,0,,7,0,0
59691,2024-05-30 08:17:11,,0,,7,1,269
15139,2024-05-30 08:22:47,,0,,8,0,0
55806,2024-05-30 08:26:17,,1,,8,0,0
82478,2024-05-30 08:27:27,,0,,6,0,0
20712,2024-05-30 08:50:04,,1,,6,1,398
92802,2024-05-30 09:00:51,,0,,6,0,0
32134,2024-05-30 09:04:05,,1,,7,0,0
40470,2024-05-30 09:28:15,,1,,12,0,0
55714,2024-05-30 09:30:41,,0,,6,0,0
2447,2024-05-30 10:01:33,,1,,9,1,402
94611,2024-05-30 10:29:36,,0,,7,0,0
29081,2024-05-30 10:30:51,,0,,2,1,254
49147,2024-05-30 10:50:34,,1,,6,0,0
6528,2024-05-30 10:59:00,,0,,5,1,478
40403,2024-05-30 11:01:04,,1,,11,1,308
39496,2024-05-30 11:11:54,,0,,4,1,283
78746,2024-05-30 11:14:25,,0,,4,1,184
2818,2024-05-30 11:17:23,,0,,4,0,0
35543,2024-05-30 11:21:27,,1,,9,0,0
17637,2024-05-30 11:26:41,,0,,5,1,213
97081,2024-05-30 11:31:46,,0,,5,0,0
62820,2024-05-30 11:44:43,,0,,4,0,0
41287,2024-05-30 11:46:04,,0,,5,1,208
92284,2024-05-30 12:17:11,,1,,6,0,0
66830,2024-05-30 12:35:41,,0,,9,0,0
72134,2024-05-30 12:43:33,,1,,8,0,0
66658,2024-05-30 12:50:02,,0,,5,0,0
11260,2024-05-30 12:52:01,,0,,3,1,469
24835,2024-05-30 13:06:59,,1,,5,0,0
88091,2024-05-30 13:13:35,,0,,2,0,0
97081,2024-05-30 13:22:13,,0,,7,1,249
84211,2024-05-30 13:24:44,,0,,7,0,0
42034,2024-05-30 13:32:10,,1,,3,0,0
48819,2024-05-30 14:06:22,,0,,6,0,0
12004,2024-05-30 14:20:02,,0,,9,0,0
21940,2024-05-30 14:24:30,,0,,5,0,0
9821,2024-05-30 14:26:05,,0,,5,0,0
38614,2024-05-30 14:28:39,,1,,4,0,0
36133,2024-05-30 14:33:37,,0,,4,0,0
88273,2024-05-30 14:41:33,,1,,5,0,0
27966,2024-05-30 14:43:30,,0,,6,0,0
69883,2024-05-30 14:45:52,,0,,10,1,511
65474,2024-05-30 14:45:54,,0,,8,0,0
17015,2024-05-30 15:11:35,,0,,9,0,0
5908,2024-05-30 15:20:11,,0,,7,0,0
21518,2024-05-30 15:48:42,,0,,9,0,0
75380,2024-05-30 15:53:53,,0,,7,1,412
3482,2024-05-30 16:01:44,,1,,7,0,0
13811,2024-05-30 16:06:06,,0,,8,0,0
22788,2024-05-30 16:08:34,,0,,5,1,394
88540,2024-05-30 16:14:41,,0,,5,0,0
92586,2024-05-30 16:24:26,,0,,5,1,295
95682,2024-05-30 16:52:36,,0,,2,0,0
7496,2024-05-30 16:53:34,,1,,3,0,0
41287,2024-05-30 17:03:59,,0,,5,1,256
26091,2024-05-30 17:15:43,,0,,8,0,0
22157,2024-05-30 17:28:40,,0,,8,0,0
40713,2024-05-30 17:41:19,,0,,8,1,413
43311,2024-05-30 17:52:06,,1,,1,1,205
66599,2024-05-30 17:53:52,,1,,4,0,0
64122,2024-05-30 17:55:05,,0,,5,1,544
64831,2024-05-30 18:14:30,,0,,4,1,454
87341,2024-05-30 18:15:05,,0,,10,1,326
46957,2024-05-30 18:18:06,,0,,5,0,0
12796,2024-05-30 18:29:56,,0,,5,1,507
21941,2024-05-30 18:31:27,,0,,9,0,0
98080,2024-05-30 18:32:09,,1,,7,0,0
45070,2024-05-30 18:59:29,,0,,6,1,597
1379,2024-05-30 18:59:40,,1,,12,0,0
32134,2024-05-30 19:21:38,,0,,5,0,0
89497,2024-05-30 19:24:54,,0,,14,0,0
82818,2024-05-30 19:35:05,,0,,6,0,0
64796,2024-05-30 19:35:42,,1,,5,0,0
79194,2024-05-30 20:20:38,,0,,9,0,0
25636,2024-05-30 20:24:15,,0,,6,1,300
20712,2024-05-30 20:30:14,,0,,5,0,0
76455,2024-05-30 20:41:12,,0,,7,1,173
65868,2024-05-30 20:44:07,,0,,4,0,0
61983,2024-05-30 20:51:38,,0,,2,0,0
66599,2024-05-30 21:00:02,,0,,3,0,0
67542,2024-05-30 21:08:12,,0,,2,0,0
22173,2024-05-30 21:13:44,,0,,6,1,479
5052,2024-05-30 21:17:32,,1,,6,0,0
11012,2024-05-30 21:19:28,,0,,7,1,379
42405,2024-05-30 21:26:59,,0,,4,0,0
98073,2024-05-30 21:37:08,,0,,5,0,0
6558,2024-05-30 21:53:41,,1,,5,0,0
22788,2024-05-30 21:53:55,,1,,4,0,0
52784,2024-05-30 22:01:19,,0,,4,0,0
68804,2024-05-30 22:10:18,,1,,5,1,324
52716,2024-05-30 22:11:22,,0,,6,0,0
98080,2024-05-30 22:23:22,,0,,5,1,340
73192,2024-05-30 22:24:23,,0,,4,0,0
87403,2024-05-30 22:43:09,,1,,9,0,0
42028,2024-05-30 22:56:03,,0,,2,1,219
9153,2024-05-30 22:56:07,,0,,6,0,0
55539,2024-05-30 23:20:31,,0,,7,0,0
77524,2024-05-30 23:45:11,,0,,8,1,419
17844,2024-05-30 23:54:14,,0,,3,0,0
14333,2024-05-31 00:17:09,,0,,4,0,0
17844,2024-05-31 00:24:05,,0,,5,1,263
9557,2024-05-31 00:24:57,,0,,4,1,245
44303,2024-05-31 00:26:01,,1,,6,0,0
45089,2024-05-31 00:35:58,,0,,4,0,0
29363,2024-05-31 00:41:07,,0,,9,1,235
23389,2024-05-31 00:45:53,,0,,7,1,349
18731,2024-05-31 00:57:48,,0,,6,1,210
88905,2024-05-31 01:14:39,,1,,6,1,397
40713,2024-05-31 01:49:56,,0,,10,0,0
89345,2024-05-31 01:57:03,,0,,7,0,0
21518,2024-05-31 02:08:59,,0,,2,0,0
34006,2024-05-31 02:13:32,,0,,6,1,489
73204,2024-05-31 02:16:12,,0,,8,0,0
19648,2024-05-31 02:37:16,,1,,2,0,0
25568,2024-05-31 02:38:46,,0,,5,0,0
32913,2024-05-31 02:56:57,,0,,4,0,0
31445,2024-05-31 03:13:10,,1,,6,0,0
12454,2024-05-31 03:54:25,,0,,4,1,325
95682,2024-05-31 03:56:36,,0,,7,0,0
57761,2024-05-31 04:14:41,,1,,6,0,0
65362,2024-05-31 04:14:44,,0,,11,1,195
88540,2024-05-31 04:26:37,,0,,6,0,0
52031,2024-05-31 05:01:25,,1,,12,1,352
83556,2024-05-31 05:09:37,,0,,6,1,244
63198,2024-05-31 05:21:17,,0,,4,0,0
7496,2024-05-31 06:06:34,,0,,8,0,0
895,2024-05-31 06:26:09,,0,,6,1,170
83556,2024-05-31 06:48:21,,1,,5,0,0
6584,2024-05-31 07:02:56,,1,,3,0,0
19947,2024-05-31 07:11:25,,1,,7,1,151
68889,2024-05-31 07:14:53,,1,,5,0,0
49973,2024-05-31 07:39:03,,1,,7,0,0
3341,2024-05-31 07:59:46,,1,,4,1,335
17378,2024-05-31 08:03:25,,0,,8,1,273
40713,2024-05-31 08:09:40,,0,,4,0,0
69521,2024-05-31 08:11:30,,0,,1,1,344
90756,2024-05-31 08:14:04,,0,,9,1,336
93432,2024-05-31 08:21:34,,0,,7,0,0
29363,2024-05-31 08:28:36,,0,,12,1,308
40622,2024-05-31 08:32:35,,0,,6,0,0
28778,2024-05-31 08:34:38,,0,,5,1,363
13464,2024-05-31 08:39:21,,0,,6,1,147
88652,2024-05-31 08:41:08,,0,,7,0,0
67804,2024-05-31 08:44:26,,0,,2,0,0
57824,2024-05-31 08:45:18,,0,,7,0,0
79943,2024-05-31 08:55:39,,0,,3,0,0
34457,2024-05-31 09:08:09,,0,,8,0,0
1979,2024-05-31 09:17:56,,0,,5,0,0
12914,2024-05-31 09:21:43,,0,,3,1,252
46672,2024-05-31 09:23:58,,1,,8,1,178
63852,2024-05-31 09:34:37,,0,,11,0,0
50649,2024-05-31 09:39:43,,0,,6,0,0
41082,2024-05-31 09:54:57,,0,,6,0,0
25661,2024-05-31 10:09:59,,1,,8,1,305
90753,2024-05-31 10:20:07,,0,,7,0,0
69035,2024-05-31 10:23:36,,0,,6,0,0
60166,2024-05-31 10:30:11,,1,,6,1,516
92248,2024-05-31 10:30:20,,1,,9,0,0
29589,2024-05-31 10:41:08,,0,,5,0,0
63198,2024-05-31 10:56:28,,1,,4,0,0
5227,2024-05-31 11:06:41,,0,,6,0,0
8135,2024-05-31 11:09:16,,1,,5,0,0
1979,2024-05-31 11:11:39,,1,,4,1,373
20248,2024-05-31 11:13:59,,0,,6,0,0
63707,2024-05-31 11:19:10,,0,,6,0,0
84471,2024-05-31 11:20:07,,0,,9,0,0
11260,2024-05-31 11:33:37,,1,,5,0,0
13229,2024-05-31 12:01:54,,1,,4,1,315
7233,2024-05-31 12:09:13,,0,,2,0,0
80700,2024-05-31 12:15:55,,1,,9,1,464
65694,2024-05-31 12:19:53,,1,,7,0,0
37973,2024-05-31 12:27:37,,0,,3,0,0
48849,2024-05-31 12:30:41,,1,,4,0,0
60689,2024-05-31 12:33:18,,0,,5,0,0
82205,2024-05-31 12:41:52,,1,,5,0,0
94302,2024-05-31 12:47:55,,0,,8,0,0
31445,2024-05-31 12:48:35,,0,,3,0,0
29094,2024-05-31 13:02:19,,1,,7,1,230
22442,2024-05-31 13:03:28,,0,,5,0,0
22442,2024-05-31 13:04:46,,1,,7,0,0
48258,2024-05-31 13:08:36,,0,,10,1,308
85626,2024-05-31 13:09:03,,0,,8,1,330
79093,2024-05-31 13:17:34,,1,,4,0,0
23648,2024-05-31 13:20:17,,0,,5,0,0
42405,2024-05-31 13:26:09,,0,,10,0,0
36252,2024-05-31 13:27:26,,0,,6,1,200
57397,2024-05-31 13:27:43,,0,,3,0,0
41310,2024-05-31 13:34:14,,1,,4,1,284
30148,2024-05-31 13:36:59,,0,,8,0,0
17691,2024-05-31 13:38:06,,0,,7,0,0
43202,2024-05-31 13:46:31,,0,,8,1,377
33035,2024-05-31 13:57:29,,0,,6,1,380
65308,2024-05-31 14:17:40,,0,,13,0,0
91465,2024-05-31 14:42:50,,1,,7,0,0
52552,2024-05-31 14:47:59,,0,,3,0,0
12796,2024-05-31 15:08:20,,0,,11,0,0
38002,2024-05-31 15:12:28,,1,,7,0,0
92906,2024-05-31 15:14:14,,0,,4,1,271
66545,2024-05-31 15:24:07,,1,,7,1,403
24817,2024-05-31 15:26:32,,1,,6,0,0
13849,2024-05-31 15:34:28,,0,,3,0,0
96343,2024-05-31 15:39:33,,1,,4,1,354
43311,2024-05-31 15:43:05,,0,,2,0,0
26774,2024-05-31 15:46:55,,0,,5,1,374
34154,2024-05-31 15:50:42,,0,,7,1,447
42810,2024-05-31 15:53:44,,0,,3,0,0
66236,2024-05-31 15:54:28,,0,,1,0,0
60242,2024-05-31 16:05:35,,1,,4,0,0
11853,2024-05-31 16:06:42,,0,,7,1,476
75320,2024-05-31 16:09:24,,0,,5,0,0
55806,2024-05-31 16:09:36,,0,,4,0,0
62820,2024-05-31 16:13:16,,1,,6,0,0
66599,2024-05-31 16:24:20,,1,,8,1,338
19412,2024-05-31 16:25:57,,0,,9,1,488
62770,2024-05-31 16:26:23,,0,,8,0,0
96343,2024-05-31 16:35:51,,1,,2,1,318
35891,2024-05-31 16:40:02,,0,,7,0,0
85364,2024-05-31 16:51:12,,0,,6,1,243
39715,2024-05-31 16:58:00,,0,,6,0,0
60652,2024-05-31 17:03:38,,0,,7,0,0
42997,2024-05-31 17:13:30,,0,,3,0,0
18283,2024-05-31 17:20:54,,1,,4,0,0
12359,2024-05-31 18:20:53,,0,,8,0,0
12525,2024-05-31 18:25:55,,0,,10,0,0
35543,2024-05-31 19:20:52,,0,,4,1,240
6558,2024-05-31 19:28:10,,0,,1,0,0
48258,2024-05-31 19:29:29,,0,,5,1,394
68499,2024-05-31 19:36:20,,0,,10,1,185
38133,2024-05-31 19:43:14,,0,,7,0,0
67448,2024-05-31 19:43:27,,0,,3,0,0
46767,2024-05-31 19:44:02,,0,,5,0,0
72446,2024-05-31 19:45:09,,0,,6,0,0
2373,2024-05-31 19:48:26,,1,,4,0,0
8194,2024-05-31 20:05:09,,0,,7,0,0
84003,2024-05-31 20:16:23,,1,,4,1,176
46841,2024-05-31 20:24:23,,0,,5,1,563
49379,2024-05-31 20:26:35,,0,,5,0,0
64122,2024-05-31 20:34:58,,0,,7,0,0
12796,2024-05-31 20:37:25,,0,,4,0,0
74046,2024-05-31 20:46:38,,1,,4,0,0
16552,2024-05-31 20:51:13,,0,,7,0,0
36022,2024-05-31 21:05:34,,1,,7,0,0
66599,2024-05-31 21:06:42,,1,,7,0,0
44592,2024-05-31 21:11:49,,0,,5,0,0
46574,2024-05-31 21:30:40,,0,,9,0,0
88540,2024-05-31 21:34:01,,0,,7,1,264
36362,2024-05-31 21:43:14,,0,,5,1,155
66354,2024-05-31 22:06:33,,0,,6,0,0
55539,2024-05-31 22:06:37,,0,,12,1,398
50018,2024-05-31 22:09:48,,0,,7,0,0
66599,2024-05-31 22:20:37,,0,,4,0,0
47564,2024-05-31 22:24:32,,0,,8,1,624
59037,2024-05-31 22:25:16,,1,,5,0,0
48819,2024-05-31 22:53:11,,0,,2,0,0
64011,2024-05-31 23:25:07,,1,,6,1,414
1979,2024-05-31 23:26:20,,1,,5,1,351
99346,2024-05-31 23:34:19,,0,,7,1,275
7233,2024-05-31 23:39:16,,0,,8,0,0
20374,2024-05-31 23:40:40,,0,,5,0,0
53215,2024-05-31 23:48:08,,0,,2,0,0
27318,2024-05-31 23:52:01,,0,,5,0,0
