user_id,registered_dttm,male_flag,moscow_flag,age,first_name,last_name,middle_name
77968,2023-05-30 10:02:29,1,0,27,Alexey,Kudryavtsev,89855509428
40567,2023-05-31 11:35:51,1,0,29,Alexey,Borisov,89851912879
35891,2023-05-31 12:51:04,0,0,29,Anna,Grigoryev,89856228034
90049,2023-05-31 15:11:00,1,0,36,Sergey,Pavlov,89850359775
42241,2023-06-01 12:00:49,0,0,39,Natalia,Solovyov,89855644421
54001,2023-06-01 13:13:49,1,0,19,Andrey,Kozlov,89854360280
61861,2023-06-01 16:20:35,1,1,29,Andrey,Sergeev,89856784467
65308,2023-06-01 21:14:22,1,0,43,Alexander,Petrov,89852254088
28008,2023-06-02 03:36:35,0,0,28,Olga,Tarasov,89853989737
8135,2023-06-02 09:44:09,1,0,34,Ilya,Belyaev,89855950671
47427,2023-06-02 12:04:35,0,1,28,Natalia,Sokolov,89858180777
68395,2023-06-02 16:56:19,0,0,31,Anna,Novikov,89853951089
45831,2023-06-02 19:49:30,1,0,27,Artem,Tarasov,89855491145
38963,2023-06-02 22:03:23,1,1,30,Dmitry,Smirnov,89851347303
32225,2023-06-02 22:51:40,0,1,34,Maria,Vinogradov,89859146441
25568,2023-06-03 02:38:00,1,0,27,Alexander,Mikhailov,89857129954
35569,2023-06-03 13:02:06,0,0,30,Anna,Novikov,89852106912
90965,2023-06-03 15:55:40,1,0,24,Alexander,Mikhailov,89852645433
17844,2023-06-03 18:50:49,1,0,28,Andrey,Ponomarev,89850923151
20045,2023-06-04 02:44:29,1,1,26,Alexey,Vorobyov,89858579644
84003,2023-06-04 09:35:05,1,1,32,Alexey,Popov,89855404234
2373,2023-06-04 15:49:41,1,0,25,Maxim,Morozov,89857453422
38542,2023-06-04 20:39:16,1,0,29,Ilya,Kovalev,89855378826
44843,2023-06-05 01:53:05,0,1,31,Natalia,Zakharchenko,89857594109
91405,2023-06-05 10:05:40,1,0,28,Maxim,Volkov,89855141589
42971,2023-06-05 12:44:31,0,0,42,Elena,Smirnov,89855969057
81672,2023-06-05 13:02:06,0,0,25,Olga,Vasilyev,89854931494
48399,2023-06-05 15:18:54,0,1,37,Irina,Ivanov,89857669705
59993,2023-06-05 17:06:51,1,0,33,Alexey,Ivanov,89856275417
16418,2023-06-06 02:19:48,0,0,31,Yulia,Novikov,89857015934
89345,2023-06-06 11:45:32,1,1,23,Alexey,Kuznetsov,89850540522
60166,2023-06-06 13:39:03,0,1,23,Anna,Andreev,89851920371
15275,2023-06-06 18:13:19,1,0,38,Artem,Gusev,89855730940
17068,2023-06-06 18:27:39,0,0,23,Yulia,Morozov,89854750054
29831,2023-06-06 20:04:46,1,1,24,Sergey,Baranov,89855676191
3815,2023-06-07 14:09:18,1,0,18,Andrey,Gusev,89850701337
12453,2023-06-07 18:16:42,1,1,31,Alexander,Pavlov,89854441205
46074,2023-06-07 21:39:53,1,1,30,Maxim,Semyonov,89859559623
15650,2023-06-07 22:27:38,1,1,37,Andrey,Belyaev,89852138715
69966,2023-06-08 12:02:17,1,0,26,Alexander,Andreev,89852833541
52769,2023-06-08 12:24:41,1,1,34,Andrey,Zaytsev,89854308904
18952,2023-06-08 16:12:32,0,0,32,Natalia,Volkov,89857953465
39889,2023-06-08 20:02:59,0,0,29,Elena,Belyaev,89856387881
92802,2023-06-09 17:35:42,1,0,41,Sergey,Tarasov,89853375327
54230,2023-06-09 20:54:49,0,1,24,Elena,Sokolov,89855292596
15229,2023-06-09 21:09:47,1,0,32,Kirill,Vasilyev,89858270687
32375,2023-06-09 22:23:42,0,0,29,Natalia,Fedorov,89858418883
30239,2023-06-10 03:15:02,1,1,33,Artem,Mikhailov,89855713880
68141,2023-06-10 12:03:35,1,1,34,Sergey,Stepanov,89854870665
8336,2023-06-10 15:32:35,1,0,25,Andrey,Popov,89855852057
54347,2023-06-10 18:33:33,1,0,27,Sergey,Vinogradov,89852100648
13738,2023-06-10 18:43:00,1,0,33,Alexander,Komarov,89850301830
89532,2023-06-10 19:06:50,1,0,32,Maxim,Sorokin,89850233808
96450,2023-06-11 08:24:08,0,1,38,Natalia,Ilyin,89856668446
72971,2023-06-11 10:52:29,1,1,25,Artem,Kulakov,89859634507
13311,2023-06-12 01:44:59,0,0,37,Yulia,Alekseev,89859206402
42402,2023-06-12 09:35:50,1,0,18,Dmitry,Kuznetsov,89851459106
94627,2023-06-12 15:25:30,1,1,27,Sergey,Orlov,89853332004
29017,2023-06-12 15:37:15,0,0,22,Maria,Lebedev,89856405843
34354,2023-06-12 19:49:27,1,1,32,Alexey,Lebedev,89858709161
35804,2023-06-13 01:47:58,0,1,34,Maria,Vorobyov,89854832876
66017,2023-06-13 13:58:28,1,1,29,Kirill,Makarov,89850507968
81243,2023-06-13 15:51:27,1,0,30,Andrey,Romanov,89855732473
81231,2023-06-13 18:16:17,1,0,41,Dmitry,Korolev,89850515039
57397,2023-06-13 21:18:44,1,0,24,Dmitry,Zakharchenko,89855195715
46802,2023-06-14 09:06:50,1,0,29,Alexander,Kudryavtsev,89859694222
78175,2023-06-14 09:12:47,1,1,32,Kirill,Volkov,89854774366
918,2023-06-14 12:08:59,1,0,28,Sergey,Golubev,89855960550
37165,2023-06-14 19:38:43,1,1,26,Dmitry,Belov,89858841362
87877,2023-06-14 21:54:13,1,0,40,Alexey,Semyonov,89852462528
87145,2023-06-14 23:02:31,1,0,27,Sergey,Zaytsev,89850556189
6558,2023-06-15 02:24:34,0,0,28,Ekaterina,Kiselev,89851583819
34382,2023-06-15 09:28:09,0,0,37,Tatiana,Kulakov,89859878947
33873,2023-06-15 16:21:49,0,0,31,Anna,Ilyin,89859244243
66236,2023-06-16 02:45:01,1,0,33,Dmitry,Titov,89857291091
27982,2023-06-16 06:57:08,1,0,23,Maxim,Bogdanov,89850179894
12603,2023-06-16 10:32:04,0,0,27,Elena,Kovalev,89858487975
2121,2023-06-16 10:36:28,1,0,36,Alexey,Andreev,89853901091
65180,2023-06-16 12:57:58,0,1,39,Svetlana,Golubev,89857544929
70115,2023-06-16 14:41:40,0,0,30,Ekaterina,Borisov,89856848919
60167,2023-06-16 20:33:54,0,0,25,Olga,Vinogradov,89859173729
5763,2023-06-16 21:22:56,0,1,30,Tatiana,Vasilyev,89856726135
20623,2023-06-17 06:04:26,1,0,24,Dmitry,Lebedev,89852622911
19947,2023-06-17 06:37:33,0,0,32,Anna,Vinogradov,89850774309
37924,2023-06-17 07:19:09,1,1,28,Alexander,Bogdanov,89859506463
76807,2023-06-17 13:06:04,0,0,39,Ekaterina,Komarov,89859191778
18283,2023-06-17 23:44:22,0,0,25,Tatiana,Kovalev,89853381235
72134,2023-06-18 03:55:41,0,0,36,Irina,Vorobyov,89851048612
38277,2023-06-18 10:19:29,0,1,24,Maria,Zaytsev,89857681391
58694,2023-06-18 13:32:45,1,0,31,Maxim,Sokolov,89854713782
29081,2023-06-18 22:55:32,1,1,36,Maxim,Romanov,89857911840
85631,2023-06-19 10:35:18,0,1,35,Tatiana,Belyaev,89850968106
35872,2023-06-19 20:21:00,0,0,38,Natalia,Vasilyev,89858260310
26774,2023-06-19 21:12:10,1,0,22,Dmitry,Kuzmin,89856310295
90194,2023-06-20 02:20:35,0,0,31,Tatiana,Zakharchenko,89857051644
33250,2023-06-20 03:43:49,0,1,34,Anna,Komarov,89859475459
87485,2023-06-20 06:56:53,0,0,25,Yulia,Komarov,89859756155
55663,2023-06-20 08:27:36,0,0,30,Anna,Zakharchenko,89851658568
59508,2023-06-20 13:01:40,1,1,24,Andrey,Morozov,89856504373
37155,2023-06-20 19:27:18,0,0,29,Irina,Petrov,89851919109
62938,2023-06-20 20:58:29,0,0,27,Maria,Borisov,89851487584
14822,2023-06-21 01:59:44,1,0,30,Kirill,Lebedev,89856289064
99346,2023-06-21 09:28:12,1,0,29,Kirill,Tarasov,89851276447
46541,2023-06-21 15:33:17,1,1,30,Alexey,Kuznetsov,89856192873
8310,2023-06-22 04:53:19,0,1,36,Elena,Andreev,89853562182
94902,2023-06-22 06:05:56,1,1,31,Maxim,Lebedev,89859377512
16552,2023-06-22 07:56:02,0,0,34,Natalia,Smirnov,89858919907
56693,2023-06-22 10:00:22,1,0,38,Alexander,Gerasimov,89852548348
67448,2023-06-22 21:35:03,1,1,37,Andrey,Sokolov,89855724015
65830,2023-06-23 11:30:31,0,0,36,Olga,Morozov,89852773122
68670,2023-06-24 05:21:28,0,1,28,Natalia,Vorobyov,89859772018
42405,2023-06-24 09:01:26,0,0,24,Tatiana,Petrov,89857163313
56150,2023-06-24 09:11:52,0,0,27,Olga,Novikov,89853862080
22522,2023-06-24 17:10:31,0,0,29,Elena,Sergeev,89856357098
21811,2023-06-24 17:39:38,0,1,20,Maria,Komarov,89855665083
21924,2023-06-25 01:35:29,0,0,25,Anna,Kozlov,89854721628
801,2023-06-25 13:59:22,1,0,27,Alexey,Grigoryev,89853713755
73789,2023-06-25 16:29:47,0,0,24,Yulia,Kulakov,89859672925
37377,2023-06-25 17:05:07,1,0,31,Andrey,Sorokin,89850882584
62770,2023-06-25 23:49:12,1,1,27,Alexey,Novikov,89859440633
23466,2023-06-27 03:59:37,1,0,22,Alexey,Popov,89855251670
86802,2023-06-27 07:42:54,0,1,24,Ekaterina,Kuzmin,89851298567
21518,2023-06-27 10:22:37,1,0,36,Dmitry,Vasilyev,89854146723
1740,2023-06-27 10:59:03,1,0,36,Alexey,Solovyov,89859126473
87458,2023-06-27 13:55:55,0,1,30,Natalia,Popov,89853319832
61420,2023-06-27 15:01:31,0,1,35,Ekaterina,Ivanov,89859327707
38750,2023-06-27 15:15:06,0,0,36,Ekaterina,Solovyov,89854016222
89497,2023-06-27 15:30:11,1,0,33,Alexander,Ilyin,89852553984
21727,2023-06-27 18:20:37,1,1,25,Andrey,Bogdanov,89856945990
20676,2023-06-27 19:01:07,0,0,29,Maria,Kozlov,89854572383
21940,2023-06-27 19:24:40,0,0,19,Elena,Zaytsev,89858693275
52247,2023-06-27 19:46:40,1,1,30,Alexey,Sergeev,89859008111
31675,2023-06-28 05:21:49,0,0,33,Tatiana,Kiselev,89850306841
87900,2023-06-28 18:43:14,0,0,32,Anna,Solovyov,89853928161
19452,2023-06-29 02:49:47,0,0,28,Maria,Kuznetsov,89855320925
54698,2023-06-29 14:39:32,0,1,26,Tatiana,Kovalev,89851476732
7739,2023-06-29 22:43:48,0,0,36,Tatiana,Tarasov,89853866709
52346,2023-06-30 02:21:33,1,0,26,Andrey,Zaytsev,89851736911
14380,2023-06-30 17:13:24,1,0,22,Maxim,Baranov,89854863484
2954,2023-07-01 09:23:25,1,0,38,Sergey,Morozov,89855248722
88013,2023-07-01 11:43:08,0,0,38,Yulia,Semyonov,89851012276
71149,2023-07-01 18:47:41,1,1,51,Mikhail,Morozov,89858541936
71437,2023-07-01 21:35:25,0,0,38,Anna,Vinogradov,89851685958
21836,2023-07-02 04:59:50,1,0,29,Sergey,Kovalev,89858405232
15826,2023-07-02 07:53:03,0,0,24,Anna,Pavlov,89855236584
13187,2023-07-02 08:25:29,0,0,35,Olga,Ivanov,89854113389
92284,2023-07-02 09:53:03,1,0,28,Alexander,Kuzmin,89857890818
46648,2023-07-02 10:52:38,0,0,34,Maria,Baranov,89851718021
58185,2023-07-02 16:43:16,1,0,37,Sergey,Yakovlev,89857146025
68748,2023-07-03 15:39:26,1,0,36,Mikhail,Mikhailov,89853984064
75691,2023-07-04 06:47:55,1,0,27,Ilya,Volkov,89851434295
55256,2023-07-04 18:10:06,1,1,43,Alexey,Bogdanov,89857858534
51402,2023-07-05 02:49:37,0,1,43,Maria,Vinogradov,89858933053
89604,2023-07-05 11:17:39,1,0,32,Maxim,Golubev,89856056963
64796,2023-07-05 14:37:45,0,0,33,Natalia,Zaytsev,89852718636
24996,2023-07-06 01:19:51,1,1,35,Alexander,Novikov,89852047508
12454,2023-07-06 07:44:52,0,0,21,Yulia,Lebedev,89853842335
36220,2023-07-07 06:34:19,1,0,27,Dmitry,Volkov,89857113271
4366,2023-07-07 09:29:51,1,1,33,Sergey,Petrov,89854371835
94379,2023-07-07 10:52:30,1,1,23,Artem,Smirnov,89851541450
88466,2023-07-07 16:08:18,1,0,25,Alexander,Fedorov,89851892273
6061,2023-07-07 18:33:45,1,0,30,Alexander,Tarasov,89855973943
9470,2023-07-07 19:28:37,1,0,26,Alexey,Tarasov,89856710326
82234,2023-07-07 19:44:00,0,0,41,Elena,Golubev,89856647207
6451,2023-07-07 20:01:51,1,0,23,Alexander,Petrov,89856246077
4136,2023-07-07 20:52:57,1,0,28,Sergey,Bogdanov,89850442403
1010,2023-07-07 20:57:25,1,0,30,Alexander,Stepanov,89853593241
48258,2023-07-08 02:55:37,1,1,32,Alexander,Gusev,89857259608
17398,2023-07-08 11:19:42,1,1,35,Sergey,Fedorov,89853680641
82478,2023-07-08 14:59:04,1,1,37,Artem,Kuznetsov,89856599474
80182,2023-07-08 19:49:16,0,1,34,Elena,Morozov,89850207352
48031,2023-07-08 23:38:21,1,0,24,Dmitry,Kiselev,89857607609
1154,2023-07-09 08:17:53,1,1,30,Alexey,Kuznetsov,89855899128
29213,2023-07-09 14:34:30,1,1,29,Alexander,Kozlov,89855962599
81437,2023-07-09 22:46:57,0,0,32,Ekaterina,Alekseev,89857111278
87557,2023-07-10 01:11:39,1,0,25,Dmitry,Popov,89852691218
49362,2023-07-10 17:31:54,1,0,29,Alexander,Grigoryev,89852460067
72522,2023-07-11 08:53:51,1,0,30,Sergey,Ilyin,89855824093
92936,2023-07-11 12:29:01,1,0,38,Andrey,Zakharchenko,89853832027
97309,2023-07-11 19:29:37,1,1,32,Ilya,Tarasov,89858254430
70471,2023-07-11 20:01:14,0,0,26,Elena,Kuznetsov,89855376008
61407,2023-07-11 23:53:48,0,0,30,Natalia,Ivanov,89856756017
56004,2023-07-12 12:20:13,0,0,29,Yulia,Petrov,89850128783
20850,2023-07-12 14:29:28,1,1,22,Kirill,Ilyin,89853292155
71093,2023-07-12 20:12:00,1,1,27,Alexander,Sorokin,89858108643
95645,2023-07-12 20:50:21,0,1,21,Natalia,Kuzmin,89857648152
62343,2023-07-12 21:02:46,1,1,25,Alexey,Kozlov,89857971510
81012,2023-07-12 21:07:04,1,1,33,Sergey,Sergeev,89858161777
47010,2023-07-12 21:51:00,1,0,23,Alexander,Petrov,89855037458
57082,2023-07-13 09:35:41,1,0,20,Artem,Vasilyev,89853211245
1676,2023-07-13 10:55:11,0,1,21,Natalia,Pavlov,89854140372
63852,2023-07-13 11:58:09,1,0,31,Sergey,Ilyin,89851635434
3062,2023-07-14 08:13:31,1,1,36,Kirill,Popov,89853888929
69521,2023-07-14 09:54:50,1,1,25,Artem,Kuzmin,89858436420
77029,2023-07-14 16:15:59,1,1,22,Alexander,Ilyin,89858149577
75296,2023-07-15 04:33:05,1,1,28,Artem,Petrov,89851862626
54959,2023-07-15 09:29:44,1,1,29,Alexey,Vinogradov,89857316638
58329,2023-07-15 13:40:34,0,0,34,Ekaterina,Golubev,89850347961
89061,2023-07-16 17:31:58,1,1,31,Artem,Makarov,89851227231
50771,2023-07-16 22:28:14,1,0,32,Ilya,Kuznetsov,89859668939
3482,2023-07-17 07:51:45,0,0,32,Irina,Popov,89853049051
19559,2023-07-17 18:11:29,1,0,25,Artem,Golubev,89851162228
97069,2023-07-18 05:52:43,0,1,29,Natalia,Makarov,89850024104
20915,2023-07-18 11:28:48,0,0,26,Maria,Kuznetsov,89853713866
76933,2023-07-18 11:54:01,0,1,25,Anna,Lebedev,89855357043
24483,2023-07-18 19:17:59,1,1,31,Sergey,Semyonov,89850958820
52552,2023-07-19 19:30:29,1,0,26,Alexander,Komarov,89850272418
70222,2023-07-20 08:59:24,1,0,23,Maxim,Borisov,89858670078
90696,2023-07-20 09:05:43,0,1,32,Anna,Romanov,89857523493
12187,2023-07-20 10:52:34,0,1,26,Maria,Andreev,89851448784
25636,2023-07-21 01:07:42,1,1,40,Sergey,Kuznetsov,89858158281
10213,2023-07-21 09:52:12,0,0,27,Elena,Grigoryev,89854009666
42034,2023-07-21 14:14:19,1,0,32,Sergey,Belyaev,89856086242
43311,2023-07-21 22:06:14,1,0,31,Maxim,Makarov,89852829695
39441,2023-07-22 02:24:48,0,0,18,Maria,Novikov,89856594200
45562,2023-07-23 08:45:19,0,0,23,Olga,Volkov,89852910435
33272,2023-07-23 22:52:02,1,1,32,Sergey,Semyonov,89850326761
64038,2023-07-24 04:53:16,0,0,36,Yulia,Petrov,89854792382
8339,2023-07-24 06:13:23,0,0,24,Olga,Vasilyev,89858118090
30395,2023-07-24 12:48:19,1,0,26,Maxim,Gerasimov,89855828163
11853,2023-07-25 22:06:44,1,0,28,Ilya,Pavlov,89855671145
3330,2023-07-26 14:55:23,1,1,28,Kirill,Kulakov,89857040398
52599,2023-07-26 19:44:31,1,1,32,Alexey,Golubev,89853850353
34457,2023-07-26 21:28:08,0,1,25,Olga,Mikhailov,89852972012
79540,2023-07-27 03:01:32,0,0,31,Elena,Kuzmin,89850230915
16855,2023-07-27 06:00:52,1,0,38,Alexander,Novikov,89853158053
22689,2023-07-27 09:29:51,0,0,35,Anna,Tarasov,89851327922
31786,2023-07-27 12:55:01,0,1,25,Yulia,Kiselev,89853016614
59954,2023-07-27 14:34:10,1,0,30,Ilya,Alekseev,89854061593
60484,2023-07-27 21:24:00,0,0,37,Svetlana,Sokolov,89852947415
57029,2023-07-27 21:53:15,0,0,34,Olga,Solovyov,89856346222
17015,2023-07-28 05:56:37,1,0,37,Alexey,Kuznetsov,89854657391
78119,2023-07-28 11:45:16,1,0,28,Dmitry,Belov,89853136394
66599,2023-07-28 17:04:05,1,0,22,Sergey,Lebedev,89851645219
44815,2023-07-29 16:00:26,1,0,31,Andrey,Gerasimov,89858935220
42548,2023-07-29 16:01:01,0,0,34,Elena,Kuzmin,89855972869
78632,2023-07-29 16:41:49,1,1,19,Kirill,Titov,89854121465
87403,2023-07-29 22:07:26,0,0,30,Tatiana,Bogdanov,89854254197
40403,2023-07-30 04:21:32,1,1,34,Sergey,Vasilyev,89852929723
22294,2023-07-30 04:38:15,1,0,35,Alexander,Tarasov,89853174043
11805,2023-07-30 05:34:03,1,0,30,Kirill,Alekseev,89855816263
29363,2023-07-30 18:59:33,0,0,36,Irina,Fedorov,89852885143
74103,2023-07-31 04:44:11,0,1,34,Natalia,Novikov,89857324623
78231,2023-07-31 19:18:17,0,1,25,Olga,Solovyov,89857665623
95764,2023-08-01 02:48:17,1,0,24,Alexander,Sokolov,89858083673
8769,2023-08-01 12:52:41,0,1,38,Natalia,Stepanov,89855514755
27974,2023-08-01 18:11:32,1,1,28,Alexey,Gerasimov,89859878621
53780,2023-08-02 02:01:37,1,0,44,Kirill,Popov,89858173095
51112,2023-08-02 08:46:55,1,0,22,Kirill,Smirnov,89853793245
18146,2023-08-02 14:59:01,0,1,37,Irina,Petrov,89850002737
8155,2023-08-03 04:32:53,0,0,26,Maria,Baranov,89853222562
22005,2023-08-03 12:03:53,1,0,33,Alexey,Alekseev,89857978718
57066,2023-08-03 19:18:41,0,0,32,Yulia,Belyaev,89857488957
36541,2023-08-03 20:18:17,1,0,28,Kirill,Kulakov,89854177683
44592,2023-08-04 07:52:01,0,0,32,Ekaterina,Solovyov,89854361786
40211,2023-08-04 08:20:07,0,1,30,Elena,Komarov,89851085802
21584,2023-08-04 08:56:57,0,1,19,Svetlana,Titov,89856499601
17691,2023-08-04 14:01:11,1,1,19,Andrey,Romanov,89851415935
64011,2023-08-04 20:00:17,0,1,29,Irina,Popov,89852892837
44421,2023-08-05 00:48:44,1,0,30,Dmitry,Vasilyev,89858886584
94427,2023-08-05 21:07:56,0,0,34,Tatiana,Gerasimov,89852727370
20609,2023-08-06 01:30:06,1,0,34,Maxim,Novikov,89855475495
82865,2023-08-06 09:02:35,0,1,24,Olga,Korolev,89858999543
18593,2023-08-06 12:07:13,1,0,35,Maxim,Zaytsev,89855284003
53253,2023-08-06 16:31:46,1,1,30,Sergey,Sokolov,89859495165
21476,2023-08-07 04:10:16,0,0,34,Svetlana,Popov,89856057588
79194,2023-08-07 05:17:27,1,0,31,Artem,Gerasimov,89858830078
17497,2023-08-07 05:55:32,0,1,34,Anna,Kuzmin,89854576355
27422,2023-08-07 15:53:00,0,0,28,Natalia,Belyaev,89852766280
21620,2023-08-07 16:31:18,1,0,21,Kirill,Morozov,89852025812
60689,2023-08-07 16:42:34,1,1,35,Maxim,Baranov,89859702193
31513,2023-08-07 19:27:53,0,0,30,Olga,Lebedev,89856565970
70923,2023-08-08 09:20:00,0,0,32,Maria,Belov,89851355233
16425,2023-08-08 11:42:37,0,0,35,Yulia,Ivanov,89857171969
65998,2023-08-08 18:03:36,1,1,38,Dmitry,Solovyov,89859093647
65355,2023-08-08 21:47:35,1,0,30,Alexander,Tarasov,89854184883
41082,2023-08-09 01:03:06,1,1,20,Dmitry,Kovalev,89855962632
50170,2023-08-09 09:31:56,0,0,26,Olga,Smirnov,89850838414
63446,2023-08-09 10:11:49,1,0,35,Ilya,Gusev,89853470905
32134,2023-08-09 21:51:59,0,1,35,Elena,Ilyin,89858343787
76962,2023-08-09 23:23:10,1,0,38,Ilya,Zaytsev,89858987411
54122,2023-08-09 23:52:58,1,1,32,Alexey,Vinogradov,89852268076
88079,2023-08-10 11:09:14,0,1,28,Maria,Vorobyov,89856859238
55892,2023-08-10 16:36:43,0,0,24,Tatiana,Zakharchenko,89859322087
81499,2023-08-11 12:44:57,1,0,29,Ilya,Petrov,89855700767
74980,2023-08-11 15:45:43,0,1,25,Irina,Smirnov,89858479011
97418,2023-08-12 02:40:52,1,0,27,Kirill,Belyaev,89856846241
77150,2023-08-12 03:58:04,0,0,29,Olga,Titov,89859508012
24489,2023-08-12 04:06:47,1,0,40,Dmitry,Popov,89852696843
56031,2023-08-12 05:27:20,0,0,32,Tatiana,Vasilyev,89852662514
39696,2023-08-12 07:30:25,0,1,35,Ekaterina,Ponomarev,89853426170
3375,2023-08-12 08:14:49,1,1,30,Maxim,Mikhailov,89857845714
36191,2023-08-12 12:36:50,0,0,27,Svetlana,Fedorov,89857804774
19319,2023-08-12 15:04:12,0,0,33,Maria,Morozov,89856464148
18637,2023-08-12 18:37:16,1,0,41,Artem,Fedorov,89850070212
42886,2023-08-13 00:52:10,0,0,29,Irina,Semyonov,89859970231
56219,2023-08-13 01:14:15,0,0,32,Svetlana,Grigoryev,89856254335
69936,2023-08-13 14:23:19,0,1,29,Svetlana,Popov,89859299887
83,2023-08-13 20:24:39,0,1,33,Svetlana,Kuznetsov,89854909079
53915,2023-08-14 01:23:41,0,0,26,Elena,Zaytsev,89857937931
86147,2023-08-14 13:14:53,1,0,28,Alexander,Novikov,89851794264
11629,2023-08-14 13:56:39,1,1,32,Andrey,Sergeev,89854544566
23980,2023-08-14 19:10:40,1,1,26,Mikhail,Vorobyov,89854065789
95258,2023-08-15 06:36:21,1,1,26,Maxim,Komarov,89859772340
79613,2023-08-16 05:42:15,1,1,30,Maxim,Sokolov,89858473492
92700,2023-08-16 07:07:07,1,1,28,Mikhail,Belov,89858869268
21919,2023-08-16 14:55:29,0,0,23,Tatiana,Golubev,89859754919
3192,2023-08-16 16:10:13,1,1,25,Alexey,Ivanov,89851896055
85379,2023-08-16 20:32:18,1,1,27,Alexey,Belyaev,89852477618
35671,2023-08-17 05:20:56,1,0,28,Ilya,Mikhailov,89854456902
96623,2023-08-17 06:21:57,0,1,28,Maria,Belov,89858344847
61437,2023-08-17 23:36:59,0,0,21,Irina,Sorokin,89854812776
36072,2023-08-18 07:09:34,0,1,28,Yulia,Zaytsev,89854584875
94302,2023-08-19 07:11:07,1,1,28,Artem,Kudryavtsev,89851488090
8778,2023-08-19 12:01:29,0,0,34,Ekaterina,Pavlov,89858390953
29454,2023-08-19 14:48:26,1,1,33,Dmitry,Zakharchenko,89856519766
44751,2023-08-19 16:20:46,0,0,29,Svetlana,Borisov,89854048868
86521,2023-08-19 19:29:27,1,0,26,Dmitry,Smirnov,89856754048
8367,2023-08-20 09:03:00,1,0,29,Kirill,Smirnov,89852346393
62820,2023-08-20 12:48:49,1,0,29,Sergey,Yakovlev,89853460254
10955,2023-08-20 17:41:17,1,1,33,Maxim,Vorobyov,89857462779
8194,2023-08-20 21:50:33,0,1,34,Tatiana,Mikhailov,89854953138
23354,2023-08-21 00:01:40,0,0,29,Irina,Smirnov,89850806071
3978,2023-08-21 05:10:45,1,1,30,Ilya,Bogdanov,89855383522
82212,2023-08-21 17:02:22,1,1,44,Maxim,Pavlov,89859570140
73659,2023-08-21 20:52:36,1,0,43,Andrey,Stepanov,89859690541
74770,2023-08-22 04:25:33,0,0,34,Elena,Vasilyev,89853675399
45074,2023-08-22 13:12:12,1,1,36,Alexander,Komarov,89853398596
58556,2023-08-22 15:39:57,0,0,35,Olga,Novikov,89855917167
21698,2023-08-22 18:18:23,1,0,35,Mikhail,Titov,89855713264
8520,2023-08-22 22:36:56,0,1,18,Ekaterina,Fedorov,89855222828
58196,2023-08-23 12:20:58,0,0,24,Natalia,Vinogradov,89857575841
20395,2023-08-23 22:03:57,1,0,27,Andrey,Gusev,89858456310
2818,2023-08-23 22:08:29,0,1,32,Natalia,Golubev,89851702675
11012,2023-08-24 07:24:50,0,0,23,Yulia,Kozlov,89856958434
84683,2023-08-24 12:03:37,0,0,27,Irina,Kiselev,89851087314
45070,2023-08-24 14:18:44,0,1,22,Svetlana,Popov,89856124335
75582,2023-08-25 15:36:00,1,0,31,Alexander,Solovyov,89857740317
21933,2023-08-26 00:55:40,1,0,34,Artem,Belyaev,89859303821
37051,2023-08-26 20:24:00,0,1,32,Yulia,Solovyov,89858377756
53073,2023-08-26 23:46:42,1,0,32,Mikhail,Novikov,89853964149
84211,2023-08-27 08:55:56,0,0,30,Natalia,Ivanov,89852808686
94926,2023-08-28 09:54:41,1,1,23,Sergey,Titov,89850804541
808,2023-08-28 09:54:50,1,0,25,Maxim,Ivanov,89853016988
22157,2023-08-28 14:25:49,1,0,25,Andrey,Sokolov,89852468892
88061,2023-08-28 15:05:58,1,0,32,Andrey,Kozlov,89856318704
52501,2023-08-28 18:45:59,0,0,29,Maria,Popov,89857247335
5820,2023-08-28 18:49:37,1,0,26,Alexey,Smirnov,89859614946
81339,2023-08-28 22:42:31,1,0,32,Alexander,Tarasov,89855830114
80896,2023-08-29 03:12:26,1,0,30,Kirill,Ivanov,89855266625
72446,2023-08-30 05:15:11,1,0,24,Kirill,Vasilyev,89855691222
19562,2023-08-30 08:05:22,1,0,36,Alexey,Kozlov,89859214739
964,2023-08-30 15:39:29,0,1,30,Anna,Yakovlev,89859638174
41882,2023-08-30 16:54:08,1,0,31,Alexander,Morozov,89856940386
88727,2023-08-30 19:20:27,1,0,33,Mikhail,Vasilyev,89856578751
75718,2023-08-30 21:03:41,1,1,22,Dmitry,Novikov,89852138634
81233,2023-08-31 10:21:10,1,0,25,Alexey,Romanov,89859531310
57128,2023-08-31 15:27:54,1,0,26,Mikhail,Volkov,89859778439
20853,2023-08-31 21:36:42,1,1,32,Alexander,Smirnov,89852807140
36885,2023-09-01 09:42:47,1,0,32,Sergey,Lebedev,89858054742
58610,2023-09-02 11:55:53,1,0,29,Mikhail,Korolev,89851713718
90706,2023-09-03 09:16:10,1,0,29,Andrey,Vasilyev,89856917332
50821,2023-09-03 19:37:21,0,0,38,Tatiana,Morozov,89859115083
42997,2023-09-04 11:14:25,1,1,24,Maxim,Bogdanov,89851468235
60144,2023-09-04 16:06:16,1,1,23,Alexander,Semyonov,89855248882
64202,2023-09-05 17:16:42,1,1,38,Kirill,Titov,89851217579
65868,2023-09-06 14:15:42,0,1,27,Ekaterina,Yakovlev,89852435079
44760,2023-09-06 23:41:17,1,1,27,Dmitry,Petrov,89853315108
79797,2023-09-07 01:12:15,1,1,36,Kirill,Petrov,89858233855
81691,2023-09-07 17:35:31,1,0,23,Sergey,Smirnov,89850163669
1045,2023-09-08 11:10:29,0,0,31,Natalia,Komarov,89856863522
47594,2023-09-08 17:03:42,0,1,31,Yulia,Kozlov,89851985027
93432,2023-09-09 18:34:17,1,0,28,Alexander,Pavlov,89858771844
90943,2023-09-09 19:46:08,1,0,35,Mikhail,Titov,89857797446
65907,2023-09-10 11:14:20,0,1,26,Irina,Kovalev,89859614328
63658,2023-09-10 17:09:32,1,1,38,Alexey,Smirnov,89855736078
40804,2023-09-11 09:22:12,0,0,30,Yulia,Stepanov,89857994492
30223,2023-09-11 13:13:05,0,1,41,Olga,Kuzmin,89855749330
74579,2023-09-11 22:15:39,0,1,34,Elena,Tarasov,89851952321
49973,2023-09-12 02:51:21,1,0,33,Ilya,Morozov,89850782058
40289,2023-09-12 09:53:57,0,1,31,Tatiana,Makarov,89852584235
17804,2023-09-12 10:35:43,0,1,38,Elena,Zaytsev,89855431209
75841,2023-09-13 20:36:53,1,0,21,Maxim,Morozov,89851668574
40780,2023-09-14 08:12:43,1,1,28,Kirill,Ivanov,89852052145
42810,2023-09-14 09:12:17,0,0,22,Tatiana,Zakharchenko,89852737486
85764,2023-09-14 10:47:23,1,0,32,Alexander,Belyaev,89852883411
56397,2023-09-14 19:02:54,0,1,31,Tatiana,Popov,89856067071
70231,2023-09-14 22:03:28,0,0,36,Olga,Vorobyov,89850676259
59670,2023-09-15 09:46:35,1,0,34,Ilya,Yakovlev,89859748168
64775,2023-09-15 14:32:40,0,0,40,Natalia,Kulakov,89855191338
13954,2023-09-15 17:32:24,1,0,28,Alexander,Vasilyev,89853667345
10847,2023-09-16 13:01:50,0,0,37,Maria,Novikov,89859607615
36835,2023-09-16 14:21:03,0,0,31,Maria,Kozlov,89858097488
895,2023-09-16 18:22:22,1,0,23,Alexey,Belyaev,89857756420
50470,2023-09-16 22:19:58,1,1,30,Artem,Smirnov,89854677915
20248,2023-09-17 09:49:48,0,0,31,Svetlana,Stepanov,89855374542
23024,2023-09-17 11:48:33,0,0,29,Anna,Petrov,89855822649
3595,2023-09-17 19:08:00,1,0,27,Ilya,Petrov,89858973028
88009,2023-09-17 21:52:42,1,1,31,Maxim,Semyonov,89857642270
93167,2023-09-18 12:48:02,1,0,30,Andrey,Semyonov,89851175602
6757,2023-09-19 11:24:08,1,1,31,Sergey,Ivanov,89854350507
44701,2023-09-19 18:12:44,0,1,34,Tatiana,Kudryavtsev,89852652775
21072,2023-09-19 19:28:03,1,1,32,Maxim,Kiselev,89857584227
40470,2023-09-19 22:38:42,1,1,31,Alexander,Ponomarev,89859559651
34431,2023-09-20 01:21:19,0,0,23,Olga,Grigoryev,89852636713
50018,2023-09-20 22:46:49,0,0,26,Svetlana,Vinogradov,89857636695
58690,2023-09-21 15:57:33,0,1,34,Anna,Golubev,89850911418
5661,2023-09-21 16:26:50,1,0,18,Ilya,Novikov,89852436485
85827,2023-09-21 19:18:07,1,1,32,Alexander,Makarov,89855712150
29370,2023-09-21 21:04:53,1,0,27,Alexey,Kuznetsov,89858864955
23389,2023-09-21 22:42:21,1,0,26,Ilya,Vorobyov,89857843584
64203,2023-09-22 22:32:08,1,0,32,Kirill,Kozlov,89859852384
37973,2023-09-23 01:06:55,0,0,22,Natalia,Gusev,89854979372
48849,2023-09-23 08:32:34,0,0,30,Olga,Tarasov,89859261061
85730,2023-09-23 17:16:58,1,0,35,Sergey,Vorobyov,89850223313
7085,2023-09-24 02:46:40,0,0,25,Svetlana,Popov,89859566083
5908,2023-09-24 03:26:01,1,0,33,Andrey,Makarov,89852119690
62181,2023-09-24 14:52:04,1,0,23,Dmitry,Sokolov,89852586234
2616,2023-09-24 16:01:11,1,0,32,Maxim,Kudryavtsev,89859953709
12671,2023-09-25 14:02:16,0,1,25,Elena,Popov,89857318906
49561,2023-09-25 14:09:01,0,0,31,Natalia,Solovyov,89855156911
17225,2023-09-25 17:36:06,1,0,31,Mikhail,Gerasimov,89854845465
24059,2023-09-25 23:12:31,1,0,35,Alexander,Mikhailov,89850757825
52822,2023-09-26 01:34:42,1,1,27,Alexander,Volkov,89854494042
78485,2023-09-26 02:54:05,0,0,35,Olga,Volkov,89854049905
78442,2023-09-26 16:25:30,1,0,25,Maxim,Orlov,89850709709
62941,2023-09-26 17:42:55,0,0,31,Anna,Alekseev,89856726438
30148,2023-09-26 18:12:36,0,0,30,Tatiana,Kulakov,89853754173
52716,2023-09-26 20:13:01,0,0,32,Anna,Semyonov,89859930341
2447,2023-09-27 09:01:36,0,0,30,Yulia,Orlov,89857724302
13464,2023-09-27 10:55:27,1,0,29,Maxim,Kulakov,89858122249
13544,2023-09-27 17:16:41,1,0,29,Kirill,Volkov,89852590000
5227,2023-09-28 05:43:24,1,1,35,Sergey,Lebedev,89856503326
60316,2023-09-28 09:54:42,0,0,22,Olga,Bogdanov,89858526186
940,2023-09-29 03:56:06,1,0,33,Sergey,Baranov,89857885726
96079,2023-09-29 04:55:46,0,0,21,Anna,Bogdanov,89859551575
28681,2023-09-30 04:23:17,1,1,28,Maxim,Novikov,89853575346
92248,2023-09-30 08:16:39,0,1,29,Tatiana,Fedorov,89854543256
84154,2023-09-30 12:38:19,1,1,31,Sergey,Makarov,89854136598
86003,2023-09-30 16:31:11,0,0,36,Yulia,Tarasov,89850296030
18366,2023-09-30 23:59:34,1,0,33,Andrey,Ilyin,89855818567
44194,2023-10-01 11:55:10,0,0,28,Tatiana,Andreev,89858520378
98399,2023-10-01 19:04:06,0,0,29,Svetlana,Alekseev,89853745927
71779,2023-10-01 21:21:31,0,1,35,Maria,Kulakov,89854643383
98166,2023-10-02 01:13:31,0,1,26,Natalia,Morozov,89854891463
6267,2023-10-02 08:06:25,1,1,35,Artem,Belov,89855947988
88837,2023-10-02 09:20:37,1,0,26,Mikhail,Titov,89854890130
6528,2023-10-02 16:30:39,0,1,18,Svetlana,Ponomarev,89852403162
79093,2023-10-03 10:33:02,1,0,28,Andrey,Popov,89854632191
10995,2023-10-03 17:45:25,0,0,28,Olga,Ilyin,89856620140
55558,2023-10-03 18:59:34,0,1,32,Anna,Novikov,89857910350
88610,2023-10-03 20:59:26,1,1,20,Artem,Kozlov,89859309685
59460,2023-10-04 16:46:14,0,0,34,Anna,Pavlov,89852040227
69642,2023-10-04 23:13:26,1,0,27,Ilya,Andreev,89855185151
49471,2023-10-05 13:17:19,0,1,18,Irina,Titov,89857821030
35834,2023-10-06 10:59:26,1,0,26,Artem,Kudryavtsev,89851525716
38640,2023-10-06 19:02:05,1,0,34,Ilya,Vasilyev,89857960808
72431,2023-10-06 20:26:28,1,0,33,Mikhail,Golubev,89854025927
7233,2023-10-07 11:04:36,1,1,27,Alexander,Morozov,89852500188
91017,2023-10-07 21:58:42,1,0,29,Alexander,Fedorov,89855719365
54863,2023-10-08 10:47:08,0,0,28,Olga,Vasilyev,89850128448
71747,2023-10-08 13:13:36,0,0,47,Tatiana,Kozlov,89850899149
51082,2023-10-08 22:35:52,0,1,29,Elena,Baranov,89854443697
64122,2023-10-09 01:45:11,0,0,22,Svetlana,Popov,89854118671
5052,2023-10-09 03:39:52,0,0,39,Olga,Smirnov,89850798590
98314,2023-10-09 05:15:55,0,1,35,Ekaterina,Sergeev,89855984288
38002,2023-10-09 08:10:31,1,1,39,Kirill,Ivanov,89854432111
24835,2023-10-10 00:04:15,1,0,25,Artem,Kuznetsov,89852223720
62680,2023-10-10 03:22:16,0,1,37,Olga,Ilyin,89857009644
51666,2023-10-10 07:08:58,1,1,30,Maxim,Belov,89856968443
74046,2023-10-10 12:16:33,1,1,37,Maxim,Smirnov,89857208648
13503,2023-10-10 12:41:07,0,0,36,Tatiana,Gerasimov,89851125504
74038,2023-10-10 18:57:21,1,0,34,Sergey,Kulakov,89853452651
50649,2023-10-11 08:12:59,1,0,31,Alexander,Makarov,89853570503
43995,2023-10-11 21:37:04,1,0,32,Dmitry,Smirnov,89853164089
71895,2023-10-12 05:56:42,1,0,37,Andrey,Volkov,89851896336
61286,2023-10-12 13:38:33,0,0,44,Elena,Vasilyev,89850647837
6439,2023-10-13 06:50:08,1,1,26,Alexey,Komarov,89852662030
60190,2023-10-13 09:53:53,1,1,33,Kirill,Volkov,89855362658
68712,2023-10-13 17:08:02,1,0,24,Dmitry,Ivanov,89856404025
36252,2023-10-13 20:33:36,1,0,26,Kirill,Semyonov,89852007472
29898,2023-10-13 22:41:20,1,1,36,Alexander,Vasilyev,89852744470
70339,2023-10-14 13:38:33,0,1,25,Anna,Komarov,89858823807
56265,2023-10-14 13:49:04,0,1,27,Anna,Andreev,89856478773
63070,2023-10-14 20:48:57,1,0,34,Kirill,Semyonov,89852434292
94797,2023-10-15 08:41:58,1,0,32,Dmitry,Kozlov,89855777908
48604,2023-10-15 09:02:54,1,0,34,Maxim,Kudryavtsev,89856127877
490,2023-10-15 12:01:18,1,0,29,Andrey,Komarov,89859633421
82405,2023-10-16 04:17:04,1,1,27,Maxim,Semyonov,89850540142
43984,2023-10-16 04:35:16,1,0,35,Maxim,Zaytsev,89857321084
57761,2023-10-16 05:24:48,1,1,26,Alexey,Zaytsev,89859181712
5520,2023-10-16 08:31:51,0,1,26,Elena,Gusev,89858301427
62893,2023-10-16 13:11:34,1,0,25,Mikhail,Gusev,89854880075
34704,2023-10-16 22:30:39,1,1,29,Sergey,Semyonov,89850280742
54835,2023-10-17 10:00:02,0,0,22,Natalia,Zaytsev,89857739508
79349,2023-10-17 10:17:01,0,1,19,Svetlana,Ilyin,89850564967
41287,2023-10-17 21:13:25,1,0,32,Ilya,Mikhailov,89854157125
1472,2023-10-18 16:39:02,1,0,31,Kirill,Kiselev,89857236495
98073,2023-10-19 00:26:12,1,0,32,Kirill,Mikhailov,89854837172
43500,2023-10-19 21:16:35,0,1,31,Tatiana,Makarov,89855321033
25661,2023-10-19 22:56:52,0,0,35,Irina,Petrov,89854209373
97773,2023-10-19 23:13:42,0,0,26,Irina,Semyonov,89855491665
59691,2023-10-20 11:20:48,0,1,27,Maria,Kulakov,89855501022
71466,2023-10-21 06:39:21,1,1,21,Alexey,Ivanov,89859543672
77173,2023-10-21 15:10:35,0,1,29,Irina,Zaytsev,89853564884
85042,2023-10-21 16:28:33,1,0,23,Alexander,Stepanov,89858303370
15182,2023-10-21 21:37:14,0,1,45,Natalia,Grigoryev,89857737083
70824,2023-10-21 22:55:59,0,0,30,Anna,Kuznetsov,89857941358
6432,2023-10-21 23:47:34,1,0,34,Sergey,Morozov,89852485680
74143,2023-10-22 11:10:21,0,1,31,Maria,Zaytsev,89852975445
8885,2023-10-22 13:52:55,1,1,31,Sergey,Fedorov,89859639200
17285,2023-10-23 03:59:11,1,0,29,Dmitry,Golubev,89851055516
88273,2023-10-23 13:15:28,1,0,30,Kirill,Alekseev,89855106604
50967,2023-10-24 04:08:19,1,1,28,Maxim,Romanov,89851042110
57290,2023-10-24 07:00:53,0,1,31,Maria,Makarov,89856532303
96921,2023-10-24 17:28:37,1,1,34,Artem,Mikhailov,89855989231
74566,2023-10-25 03:27:32,1,0,34,Kirill,Vasilyev,89852187256
52705,2023-10-25 04:50:57,0,0,33,Natalia,Andreev,89853857051
46967,2023-10-25 23:49:24,0,0,22,Ekaterina,Sokolov,89850046034
81940,2023-10-26 00:51:50,1,1,24,Maxim,Fedorov,89854860160
65694,2023-10-26 03:22:33,1,1,29,Maxim,Belov,89854738261
40366,2023-10-26 05:15:46,1,0,29,Alexey,Baranov,89852254946
68889,2023-10-26 11:03:24,0,0,31,Maria,Petrov,89852129981
15460,2023-10-26 18:32:58,1,0,39,Alexander,Morozov,89856405694
75720,2023-10-27 17:53:27,1,1,32,Kirill,Vasilyev,89858263524
12455,2023-10-27 19:51:26,0,0,28,Anna,Kozlov,89856160333
52613,2023-10-27 22:03:33,0,1,27,Yulia,Stepanov,89859134651
65977,2023-10-28 02:46:26,0,0,26,Maria,Mikhailov,89855794379
50395,2023-10-29 22:04:35,1,1,24,Dmitry,Kozlov,89850811848
45089,2023-10-30 19:50:00,0,1,35,Anna,Vasilyev,89850103862
67917,2023-10-30 22:24:19,1,1,18,Alexey,Kiselev,89856708773
49070,2023-11-01 03:50:33,1,0,26,Alexey,Romanov,89855591225
84264,2023-11-01 11:15:00,1,0,31,Maxim,Morozov,89852595969
92586,2023-11-01 14:00:55,0,1,25,Elena,Belov,89855862212
66658,2023-11-01 14:07:36,1,0,24,Sergey,Bogdanov,89850174613
49643,2023-11-01 17:19:10,0,0,28,Anna,Makarov,89858165742
96712,2023-11-01 20:26:25,1,0,20,Alexander,Alekseev,89859259201
37869,2023-11-02 00:05:38,0,1,39,Maria,Morozov,89857340071
81345,2023-11-02 08:15:27,0,0,43,Maria,Popov,89852822643
64831,2023-11-02 08:35:17,0,1,29,Tatiana,Ponomarev,89857204679
27966,2023-11-02 12:52:29,1,1,35,Mikhail,Semyonov,89853939726
48650,2023-11-02 13:23:23,0,1,35,Elena,Popov,89850357703
66830,2023-11-03 01:25:07,1,1,27,Ilya,Yakovlev,89852863989
66111,2023-11-03 10:02:34,0,0,30,Elena,Stepanov,89857022639
38695,2023-11-03 15:24:58,0,0,41,Yulia,Komarov,89854776176
87064,2023-11-04 13:49:50,1,1,31,Kirill,Lebedev,89856769552
26091,2023-11-04 18:06:53,0,1,27,Olga,Kuznetsov,89855651671
91465,2023-11-05 01:27:18,1,0,32,Artem,Kudryavtsev,89859179958
58942,2023-11-05 02:30:38,0,0,32,Yulia,Alekseev,89857927854
88180,2023-11-05 12:01:42,0,0,30,Svetlana,Morozov,89855517810
84647,2023-11-05 13:42:48,1,0,31,Sergey,Kiselev,89852408053
53304,2023-11-05 19:49:58,1,0,27,Maxim,Novikov,89851370188
52893,2023-11-05 21:09:26,1,0,38,Maxim,Titov,89850650797
38173,2023-11-06 01:24:44,1,0,26,Ilya,Andreev,89852445903
44094,2023-11-06 02:43:56,1,0,21,Mikhail,Morozov,89852313772
236,2023-11-07 18:11:36,1,0,26,Kirill,Makarov,89857959651
43202,2023-11-07 22:13:52,0,0,36,Maria,Mikhailov,89859540017
76200,2023-11-07 23:09:52,1,1,27,Ilya,Solovyov,89851413273
52073,2023-11-07 23:17:30,0,1,19,Svetlana,Sergeev,89859472016
61745,2023-11-07 23:41:42,1,0,27,Maxim,Kuznetsov,89852828061
52031,2023-11-08 01:06:04,1,0,33,Alexander,Gerasimov,89855396412
35682,2023-11-08 10:30:48,1,0,34,Ilya,Smirnov,89852147517
23695,2023-11-08 23:46:46,1,0,21,Artem,Romanov,89852777244
69292,2023-11-08 23:47:59,1,0,31,Andrey,Gusev,89854111486
83556,2023-11-09 04:53:38,1,0,35,Artem,Orlov,89854248424
94502,2023-11-09 14:46:22,1,0,32,Sergey,Orlov,89856400597
8009,2023-11-10 10:22:33,0,1,22,Maria,Solovyov,89855371905
55952,2023-11-10 14:48:50,0,1,31,Tatiana,Kozlov,89855837077
98080,2023-11-10 17:37:06,1,1,34,Alexander,Kiselev,89852745178
11140,2023-11-10 23:44:02,0,0,35,Olga,Fedorov,89850944147
63453,2023-11-11 02:57:15,1,0,34,Ilya,Komarov,89851725463
66354,2023-11-11 09:18:49,0,0,29,Elena,Morozov,89859911636
80700,2023-11-11 16:01:48,0,0,27,Natalia,Borisov,89852025376
38463,2023-11-12 13:53:49,1,0,35,Alexey,Bogdanov,89850930833
76004,2023-11-13 10:58:22,1,1,33,Maxim,Belov,89858862569
44875,2023-11-13 17:27:19,0,0,24,Irina,Gerasimov,89850159819
24817,2023-11-13 21:10:32,0,1,23,Anna,Zaytsev,89851756095
13325,2023-11-13 21:37:29,0,0,41,Ekaterina,Kozlov,89859082928
17869,2023-11-14 04:25:39,1,0,27,Maxim,Volkov,89855073294
91723,2023-11-14 07:05:07,0,1,33,Irina,Kuznetsov,89856181219
79943,2023-11-14 08:02:03,0,1,22,Natalia,Zakharchenko,89851815153
57866,2023-11-15 02:40:20,0,0,22,Yulia,Kozlov,89853177497
47203,2023-11-15 15:20:37,1,0,35,Ilya,Mikhailov,89855064921
69035,2023-11-16 04:38:51,1,0,38,Sergey,Zaytsev,89858681420
10166,2023-11-16 12:17:43,1,0,22,Dmitry,Pavlov,89852374476
24096,2023-11-16 20:17:37,0,0,35,Ekaterina,Ivanov,89855607189
48819,2023-11-17 10:30:05,1,1,36,Kirill,Golubev,89851908709
1963,2023-11-18 01:21:28,1,0,29,Alexander,Kiselev,89855957999
67852,2023-11-18 12:45:05,1,0,26,Artem,Komarov,89857623852
68938,2023-11-18 12:58:03,1,1,25,Kirill,Golubev,89855596223
53925,2023-11-18 14:20:38,1,0,27,Ilya,Komarov,89850325262
69448,2023-11-18 14:45:35,0,0,18,Natalia,Tarasov,89855111380
15331,2023-11-20 12:45:20,0,0,27,Elena,Zaytsev,89851561342
96298,2023-11-21 10:19:31,0,0,34,Natalia,Petrov,89855018393
19343,2023-11-21 22:34:34,0,0,20,Olga,Novikov,89853120939
11606,2023-11-22 05:31:54,1,0,40,Andrey,Belov,89853305288
63302,2023-11-22 08:09:52,1,0,29,Maxim,Gerasimov,89853380610
38671,2023-11-22 09:37:14,1,1,30,Dmitry,Smirnov,89853920381
52784,2023-11-22 19:15:23,1,0,32,Ilya,Ponomarev,89851902687
39795,2023-11-22 20:03:02,1,1,24,Alexey,Belov,89851501327
33319,2023-11-22 22:49:38,0,0,26,Natalia,Popov,89852860518
60174,2023-11-23 02:01:24,1,1,27,Sergey,Kuzmin,89853971947
99825,2023-11-23 12:51:01,1,1,23,Alexander,Volkov,89859930551
9821,2023-11-23 16:55:59,1,0,33,Maxim,Orlov,89853441757
92698,2023-11-24 15:12:37,1,1,32,Maxim,Komarov,89851578819
38744,2023-11-24 20:18:09,1,1,27,Alexander,Orlov,89854859133
58646,2023-11-24 20:52:58,1,0,30,Alexander,Vinogradov,89857095703
73073,2023-11-25 04:59:26,1,0,29,Mikhail,Alekseev,89853394553
38118,2023-11-25 08:53:44,0,1,20,Natalia,Volkov,89857459401
52012,2023-11-25 09:42:11,0,0,20,Anna,Kuznetsov,89853629146
10271,2023-11-25 15:44:55,1,1,21,Mikhail,Mikhailov,89859828734
6659,2023-11-26 14:17:34,1,1,24,Alexey,Golubev,89852274766
43010,2023-11-26 14:47:35,1,1,30,Alexey,Kovalev,89853304216
77524,2023-11-27 23:51:35,0,0,24,Elena,Bogdanov,89850317577
52156,2023-11-28 09:26:25,1,1,33,Alexander,Vinogradov,89858980673
64171,2023-11-28 09:40:02,1,0,36,Sergey,Golubev,89853226515
1890,2023-11-28 14:44:18,0,0,27,Svetlana,Kuzmin,89851579331
35868,2023-11-28 16:03:17,0,0,31,Maria,Gerasimov,89853213035
35486,2023-11-28 16:17:42,0,1,29,Olga,Makarov,89854730231
65474,2023-11-28 16:25:49,1,1,18,Alexey,Vinogradov,89856076107
9153,2023-11-29 13:27:36,1,1,29,Dmitry,Solovyov,89856614443
36572,2023-11-29 18:12:45,1,0,34,Alexey,Petrov,89857428905
67648,2023-11-29 19:06:43,1,0,23,Dmitry,Belyaev,89851646829
26054,2023-11-30 13:38:15,1,1,29,Alexey,Sorokin,89856248380
73192,2023-11-30 19:13:52,1,0,34,Maxim,Petrov,89857017610
32212,2023-12-01 06:52:29,1,0,43,Artem,Romanov,89852243392
52129,2023-12-01 07:53:54,0,1,26,Irina,Andreev,89851324060
93791,2023-12-01 09:57:25,1,0,32,Artem,Belyaev,89854536674
33213,2023-12-01 11:52:41,1,0,36,Alexey,Sokolov,89857488341
19361,2023-12-01 23:36:22,0,0,26,Irina,Orlov,89850248041
59194,2023-12-02 08:49:46,0,1,36,Maria,Makarov,89858263588
77869,2023-12-02 11:47:04,0,1,25,Elena,Pavlov,89859537519
31426,2023-12-02 21:41:52,1,1,29,Sergey,Bogdanov,89853905515
77775,2023-12-04 08:54:22,0,1,41,Elena,Golubev,89855776249
23304,2023-12-05 22:43:26,0,1,29,Elena,Ivanov,89853832867
12291,2023-12-06 09:16:32,1,0,34,Ilya,Kudryavtsev,89853825846
30360,2023-12-07 10:21:02,1,0,32,Alexey,Belyaev,89850283801
61508,2023-12-07 18:28:57,1,1,25,Sergey,Alekseev,89854313584
98586,2023-12-07 20:41:27,1,1,25,Dmitry,Kuznetsov,89853059753
9838,2023-12-07 22:39:16,0,1,29,Anna,Sokolov,89852587156
88540,2023-12-09 09:05:37,1,0,33,Mikhail,Kozlov,89852100649
44303,2023-12-09 12:55:48,0,0,31,Elena,Vinogradov,89854207001
64664,2023-12-09 13:30:27,1,0,26,Artem,Komarov,89851322859
65194,2023-12-09 13:52:00,1,1,27,Alexander,Popov,89850320402
3346,2023-12-09 15:03:43,1,1,24,Artem,Lebedev,89854084505
81159,2023-12-09 21:30:01,0,0,26,Irina,Morozov,89850890050
65299,2023-12-10 01:52:20,1,0,32,Sergey,Orlov,89857788670
83298,2023-12-10 11:23:13,1,0,18,Maxim,Ilyin,89856368977
71365,2023-12-10 13:41:57,0,0,23,Maria,Tarasov,89858200868
91689,2023-12-10 15:52:59,0,1,36,Anna,Sokolov,89851569804
15574,2023-12-10 15:59:31,1,1,30,Alexander,Petrov,89859385744
92102,2023-12-10 19:48:28,1,1,28,Kirill,Kuznetsov,89856468550
12096,2023-12-10 21:24:07,1,1,33,Dmitry,Makarov,89851344973
76274,2023-12-10 23:50:25,0,0,35,Maria,Popov,89854094492
97081,2023-12-11 00:52:07,1,1,33,Alexey,Kovalev,89852333105
29395,2023-12-11 01:32:01,1,0,33,Sergey,Novikov,89854308203
70314,2023-12-12 19:23:33,1,0,29,Andrey,Kuznetsov,89856366157
53919,2023-12-13 09:31:09,1,1,41,Dmitry,Gerasimov,89852378363
12763,2023-12-13 11:14:49,1,0,35,Andrey,Kulakov,89856652847
99202,2023-12-13 14:42:33,1,0,32,Artem,Yakovlev,89852519313
63707,2023-12-13 19:15:54,0,0,29,Yulia,Mikhailov,89853665135
56278,2023-12-14 04:20:13,0,0,29,Maria,Kozlov,89854176331
87341,2023-12-16 04:21:27,1,0,28,Alexander,Sokolov,89857824570
64307,2023-12-16 08:14:55,0,0,20,Yulia,Solovyov,89856163595
42028,2023-12-16 08:28:58,1,0,45,Andrey,Kudryavtsev,89852709268
5407,2023-12-16 11:02:26,1,0,40,Ilya,Vorobyov,89858316753
55359,2023-12-17 01:46:01,0,0,27,Olga,Lebedev,89856324999
11260,2023-12-17 03:30:45,0,0,29,Yulia,Semyonov,89855629718
39496,2023-12-17 06:57:08,0,1,18,Maria,Pavlov,89856659252
57824,2023-12-17 10:15:02,0,1,37,Elena,Komarov,89853842323
54631,2023-12-17 19:07:27,1,0,31,Kirill,Kuznetsov,89859389766
6193,2023-12-17 21:29:42,0,1,29,Elena,Orlov,89853339622
92038,2023-12-18 01:44:20,0,1,30,Yulia,Novikov,89855042446
98736,2023-12-18 03:49:53,1,0,22,Andrey,Belov,89859505712
74023,2023-12-18 15:22:00,1,1,27,Andrey,Kovalev,89856464983
5226,2023-12-18 16:25:48,1,0,26,Sergey,Gusev,89854757346
19648,2023-12-18 20:58:31,0,1,41,Olga,Kudryavtsev,89852586113
59851,2023-12-19 00:47:51,1,0,31,Maxim,Smirnov,89854747831
74063,2023-12-19 15:41:26,0,0,27,Maria,Kozlov,89857746149
74792,2023-12-20 12:03:17,0,0,25,Maria,Tarasov,89859053666
46574,2023-12-20 12:15:03,0,1,34,Svetlana,Kiselev,89850797440
69887,2023-12-20 14:39:40,1,1,30,Maxim,Gerasimov,89855651059
77532,2023-12-21 04:52:15,1,0,29,Alexander,Andreev,89851765519
69687,2023-12-21 09:34:42,0,1,38,Elena,Orlov,89855053991
36443,2023-12-22 03:31:00,0,0,37,Maria,Ivanov,89853412892
36311,2023-12-22 14:54:49,0,1,39,Elena,Novikov,89854440297
27318,2023-12-23 00:32:20,1,1,23,Alexander,Makarov,89850476238
18290,2023-12-24 14:51:43,0,0,25,Irina,Yakovlev,89859045304
46071,2023-12-25 08:56:56,1,1,33,Artem,Sorokin,89857061983
93652,2023-12-27 13:55:31,0,0,28,Ekaterina,Bogdanov,89857679358
39677,2023-12-27 16:49:00,1,1,30,Dmitry,Komarov,89857901898
49056,2023-12-28 15:37:19,1,0,28,Mikhail,Orlov,89854230457
75380,2023-12-30 05:12:10,1,1,31,Artem,Belyaev,89851424605
13067,2023-12-30 11:45:47,1,0,31,Kirill,Lebedev,89851537433
55539,2023-12-31 03:03:38,0,1,33,Elena,Sokolov,89854463132
41631,2023-12-31 15:21:13,1,1,36,Alexander,Kozlov,89859801397
46767,2024-01-01 22:54:49,1,0,33,Maxim,Golubev,89853540682
36558,2024-01-02 00:46:07,1,0,33,Andrey,Smirnov,89854851947
53473,2024-01-02 05:26:03,0,1,40,Irina,Titov,89854907550
28778,2024-01-02 07:51:08,1,0,46,Sergey,Morozov,89858842187
66545,2024-01-02 13:51:52,1,0,35,Kirill,Borisov,89857920248
14777,2024-01-02 19:29:09,1,0,31,Dmitry,Kozlov,89851358540
3396,2024-01-02 19:53:20,0,0,22,Olga,Tarasov,89859359157
67542,2024-01-03 06:27:26,1,1,33,Andrey,Solovyov,89851771772
55003,2024-01-03 08:29:50,1,0,35,Andrey,Pavlov,89855124254
32968,2024-01-03 21:55:28,0,0,27,Maria,Vasilyev,89851540289
12525,2024-01-04 21:14:48,1,0,33,Mikhail,Petrov,89856492430
9557,2024-01-05 05:59:17,0,0,27,Natalia,Semyonov,89859594070
15135,2024-01-05 13:04:12,0,1,26,Maria,Volkov,89850161575
20374,2024-01-06 20:27:42,1,0,28,Artem,Lebedev,89856956308
9728,2024-01-07 16:42:04,1,1,23,Alexander,Pavlov,89851936544
22790,2024-01-07 17:04:27,1,0,30,Sergey,Stepanov,89854930675
13858,2024-01-07 17:53:14,0,1,28,Olga,Belyaev,89850385696
30439,2024-01-07 23:16:13,0,0,33,Irina,Titov,89857504927
50615,2024-01-08 00:05:35,1,1,40,Andrey,Zaytsev,89858214630
40240,2024-01-08 00:59:35,0,0,30,Anna,Semyonov,89851493192
77848,2024-01-08 09:48:25,1,1,30,Dmitry,Kuznetsov,89856651680
61835,2024-01-08 19:06:45,0,1,29,Svetlana,Lebedev,89858576099
88905,2024-01-08 21:05:48,1,0,26,Andrey,Belov,89855761165
83214,2024-01-09 09:47:22,1,0,31,Alexander,Makarov,89853115130
89813,2024-01-10 03:31:37,0,0,33,Anna,Titov,89853573488
40181,2024-01-10 10:40:10,1,0,33,Alexander,Kuzmin,89858052437
43335,2024-01-10 10:40:56,0,0,28,Natalia,Novikov,89855526350
63775,2024-01-12 08:56:08,1,0,21,Ilya,Ilyin,89857975082
82057,2024-01-14 09:39:18,0,0,37,Maria,Solovyov,89853611734
27540,2024-01-14 13:48:41,1,0,36,Mikhail,Orlov,89851810679
98256,2024-01-15 07:42:25,1,1,28,Sergey,Orlov,89852791462
49199,2024-01-15 23:04:20,0,0,25,Natalia,Sokolov,89857340449
66101,2024-01-16 10:12:23,0,1,33,Irina,Semyonov,89850203889
23648,2024-01-16 12:28:37,1,1,29,Ilya,Ivanov,89858093767
4663,2024-01-16 18:14:38,1,0,22,Andrey,Sokolov,89857561654
28897,2024-01-18 11:16:41,1,1,32,Sergey,Vorobyov,89855847448
67422,2024-01-18 12:40:07,1,0,32,Ilya,Vorobyov,89853760270
46221,2024-01-19 22:39:58,0,0,36,Maria,Novikov,89851561468
84524,2024-01-20 15:29:57,0,1,33,Maria,Popov,89851692378
93759,2024-01-22 01:14:32,1,0,29,Sergey,Solovyov,89859211576
98170,2024-01-22 22:34:24,1,1,44,Artem,Ivanov,89858752095
37632,2024-01-23 21:24:32,0,0,27,Tatiana,Stepanov,89859809419
43133,2024-01-24 11:13:24,0,0,33,Anna,Andreev,89858507429
93986,2024-01-24 12:16:45,1,1,37,Alexey,Vinogradov,89858064326
63100,2024-01-24 23:51:14,0,0,29,Elena,Orlov,89851525927
99484,2024-01-25 22:06:45,0,0,32,Irina,Romanov,89855605962
70754,2024-01-27 11:54:26,1,0,32,Alexander,Solovyov,89852894113
71596,2024-01-27 15:33:17,0,1,31,Maria,Ivanov,89855043787
55605,2024-01-27 17:57:21,1,1,33,Maxim,Vasilyev,89853490569
83483,2024-01-27 19:40:06,0,1,32,Anna,Kozlov,89854298836
74796,2024-01-28 01:36:26,1,0,28,Alexander,Belyaev,89859300697
27259,2024-01-28 10:54:59,1,0,30,Dmitry,Andreev,89853324286
88574,2024-01-28 18:04:11,1,1,22,Andrey,Popov,89856989805
49390,2024-01-28 22:03:40,0,1,30,Maria,Ilyin,89856572577
58596,2024-01-29 17:27:43,1,0,27,Artem,Petrov,89859010421
60203,2024-01-30 20:25:35,0,0,42,Elena,Orlov,89854201311
39150,2024-01-31 14:55:49,1,0,27,Maxim,Kulakov,89850957926
82818,2024-02-01 16:36:58,1,0,36,Dmitry,Lebedev,89851990478
63836,2024-02-02 08:28:34,1,1,37,Alexey,Smirnov,89858159791
22864,2024-02-02 21:16:19,1,0,27,Dmitry,Sokolov,89853039205
28212,2024-02-02 23:49:39,1,1,34,Kirill,Kozlov,89850648767
56647,2024-02-03 09:51:59,0,0,27,Ekaterina,Grigoryev,89854737260
15139,2024-02-03 10:06:50,0,0,35,Tatiana,Popov,89855240751
21644,2024-02-03 12:00:53,1,0,36,Alexander,Mikhailov,89853992323
77954,2024-02-05 19:47:43,0,0,43,Maria,Morozov,89859758822
42668,2024-02-05 23:28:16,0,0,30,Ekaterina,Gusev,89850893101
16586,2024-02-06 02:08:50,1,0,33,Maxim,Makarov,89856809381
1379,2024-02-06 13:45:52,1,0,38,Alexander,Gusev,89851374612
39715,2024-02-06 15:32:46,0,0,36,Anna,Zaytsev,89851914907
69883,2024-02-07 07:52:08,1,1,30,Maxim,Petrov,89851653141
65362,2024-02-08 04:48:56,1,0,30,Alexander,Belov,89857793970
92906,2024-02-08 14:30:23,1,1,35,Kirill,Ilyin,89854386580
20284,2024-02-08 20:26:32,0,1,29,Irina,Kiselev,89857797116
32090,2024-02-09 00:28:10,1,0,36,Alexander,Sokolov,89857446657
6584,2024-02-09 08:14:14,1,0,42,Maxim,Ponomarev,89855781671
60465,2024-02-09 10:36:18,1,1,30,Sergey,Zakharchenko,89853472036
64353,2024-02-09 16:31:36,0,0,36,Natalia,Ivanov,89857089883
13811,2024-02-10 07:45:49,1,0,27,Mikhail,Ivanov,89857277620
76455,2024-02-11 07:37:17,1,1,27,Dmitry,Popov,89855404352
92724,2024-02-11 10:18:02,1,0,37,Dmitry,Smirnov,89855190687
50487,2024-02-12 00:14:54,1,1,32,Maxim,Smirnov,89854132749
93180,2024-02-12 11:12:14,1,1,26,Alexey,Bogdanov,89856575903
52930,2024-02-13 17:01:21,0,1,40,Elena,Semyonov,89853663621
40676,2024-02-14 06:15:09,0,0,32,Tatiana,Kudryavtsev,89855129012
11517,2024-02-14 08:34:06,1,1,35,Artem,Pavlov,89850369382
65306,2024-02-14 09:25:18,1,0,32,Maxim,Lebedev,89851474570
37612,2024-02-14 14:53:12,1,1,31,Maxim,Kuznetsov,89851523815
26257,2024-02-17 02:41:42,1,1,33,Dmitry,Andreev,89853467506
32290,2024-02-17 08:22:00,1,0,29,Sergey,Baranov,89856729789
69725,2024-02-18 09:20:51,1,0,31,Dmitry,Lebedev,89853819479
25489,2024-02-18 17:52:02,1,1,28,Artem,Komarov,89852318768
77238,2024-02-19 10:06:31,1,0,29,Mikhail,Belyaev,89853298091
62706,2024-02-19 16:10:55,1,0,33,Alexey,Tarasov,89858389000
46205,2024-02-20 12:58:00,0,1,29,Olga,Petrov,89853772986
97637,2024-02-20 19:54:28,1,0,18,Alexander,Yakovlev,89859274188
33519,2024-02-22 08:36:48,1,1,26,Dmitry,Lebedev,89858441904
73036,2024-02-22 22:27:24,0,1,20,Maria,Vasilyev,89850141662
59345,2024-02-23 01:20:37,0,1,23,Ekaterina,Ivanov,89857625172
36362,2024-02-24 09:41:38,0,0,30,Elena,Golubev,89855923786
11031,2024-02-25 13:49:03,1,1,32,Kirill,Popov,89853207442
41324,2024-02-25 16:43:49,0,0,26,Yulia,Mikhailov,89857949734
34170,2024-02-26 05:45:55,1,0,27,Andrey,Alekseev,89857234811
71706,2024-02-26 07:30:55,0,0,36,Olga,Kozlov,89855589542
63008,2024-02-26 09:26:25,1,1,30,Ilya,Volkov,89853658934
70523,2024-02-26 09:50:56,1,0,22,Ilya,Morozov,89858992631
8648,2024-02-28 01:26:04,1,0,42,Alexander,Belov,89855140411
38133,2024-02-28 03:19:00,1,0,33,Andrey,Zakharchenko,89851100516
47777,2024-02-28 03:37:52,0,1,28,Irina,Kuzmin,89850764975
17072,2024-02-28 14:52:56,1,1,30,Ilya,Kuznetsov,89858628924
7720,2024-02-28 17:42:07,1,1,26,Artem,Petrov,89854484614
83203,2024-03-01 15:40:28,0,1,36,Natalia,Baranov,89855729431
75454,2024-03-02 08:22:21,0,0,26,Ekaterina,Vinogradov,89850834342
27563,2024-03-02 13:32:55,0,1,28,Elena,Smirnov,89850163952
58380,2024-03-03 08:53:18,1,0,22,Alexander,Sergeev,89858410645
58509,2024-03-03 11:27:16,1,1,24,Kirill,Ivanov,89855045960
51796,2024-03-04 14:22:29,1,0,27,Maxim,Borisov,89852656239
74418,2024-03-05 05:51:35,1,1,26,Alexey,Bogdanov,89851739339
37122,2024-03-05 17:30:26,1,0,36,Kirill,Vorobyov,89857206310
40713,2024-03-06 11:01:28,0,1,28,Ekaterina,Andreev,89856059012
53615,2024-03-06 16:35:48,1,1,29,Dmitry,Sorokin,89850803356
63079,2024-03-06 21:00:04,1,0,26,Mikhail,Gusev,89854973736
60652,2024-03-06 21:38:23,1,0,35,Mikhail,Lebedev,89857002949
87048,2024-03-06 22:19:41,1,0,27,Mikhail,Morozov,89854299588
73302,2024-03-07 05:13:45,0,0,26,Tatiana,Smirnov,89856739594
97106,2024-03-07 16:05:59,1,0,30,Artem,Gusev,89852269348
99332,2024-03-09 18:10:32,1,1,40,Artem,Belov,89857822984
94324,2024-03-10 02:58:26,1,1,27,Alexey,Ivanov,89856242024
46957,2024-03-10 11:05:03,0,0,28,Svetlana,Pavlov,89853965647
68804,2024-03-12 01:13:19,1,0,30,Alexey,Kuznetsov,89858075776
12796,2024-03-12 18:13:58,0,0,39,Irina,Popov,89853106125
55806,2024-03-13 05:09:04,1,1,28,Ilya,Kuznetsov,89859588496
12914,2024-03-13 05:32:39,1,0,24,Dmitry,Fedorov,89851215363
947,2024-03-13 17:23:05,0,0,22,Maria,Zaytsev,89859474112
44534,2024-03-14 12:10:32,1,0,40,Sergey,Baranov,89851567425
1440,2024-03-16 21:29:48,0,1,33,Irina,Volkov,89857628721
21941,2024-03-17 04:31:12,1,0,32,Dmitry,Sokolov,89850454862
18731,2024-03-17 08:55:51,1,0,31,Alexey,Mikhailov,89853168317
31445,2024-03-17 10:19:08,0,1,39,Anna,Smirnov,89857159872
49380,2024-03-19 13:55:02,1,1,28,Mikhail,Stepanov,89855208783
95986,2024-03-19 19:21:23,0,0,21,Olga,Ivanov,89856632518
98319,2024-03-20 03:06:31,1,0,24,Alexey,Kiselev,89854592632
17424,2024-03-20 10:31:46,1,0,37,Kirill,Fedorov,89853201881
34249,2024-03-20 14:34:49,0,0,26,Anna,Morozov,89858232544
39101,2024-03-21 09:36:51,1,0,30,Maxim,Kudryavtsev,89851892138
57786,2024-03-21 13:33:35,1,1,32,Kirill,Novikov,89852804995
86618,2024-03-22 00:31:14,1,0,27,Ilya,Romanov,89854251130
18641,2024-03-22 17:56:05,1,1,34,Dmitry,Fedorov,89852521190
52001,2024-03-23 07:07:56,1,0,26,Kirill,Ivanov,89853295226
68292,2024-03-23 07:25:48,0,1,34,Maria,Gerasimov,89853764756
38184,2024-03-23 11:13:16,1,0,40,Ilya,Sorokin,89852010917
88864,2024-03-23 14:18:59,1,1,38,Alexander,Belov,89852323863
88789,2024-03-23 16:45:03,0,1,40,Anna,Yakovlev,89856105521
34740,2024-03-23 16:54:58,0,0,26,Anna,Kozlov,89852136304
24921,2024-03-23 18:01:55,0,0,26,Maria,Komarov,89858310842
96973,2024-03-24 09:39:21,0,0,33,Irina,Mikhailov,89856214794
4343,2024-03-25 03:18:36,1,0,36,Andrey,Novikov,89850899570
43354,2024-03-27 01:59:25,1,1,26,Alexander,Fedorov,89856748875
28112,2024-03-27 08:53:51,1,0,31,Alexander,Tarasov,89858081268
66265,2024-03-27 16:39:51,1,1,33,Mikhail,Baranov,89855605019
78381,2024-03-27 19:56:54,1,0,39,Sergey,Sokolov,89856970960
25788,2024-03-27 20:14:06,0,0,29,Olga,Kozlov,89854583199
49147,2024-03-28 20:34:27,1,0,23,Alexey,Alekseev,89852420810
85339,2024-03-30 02:31:34,0,1,36,Maria,Titov,89857522193
61630,2024-03-31 01:15:34,1,1,26,Alexey,Morozov,89851785053
98421,2024-03-31 12:08:02,1,1,27,Maxim,Popov,89854290778
5015,2024-04-02 21:24:46,0,0,24,Elena,Titov,89858683056
6537,2024-04-03 08:01:20,0,0,33,Anna,Tarasov,89859941748
80185,2024-04-04 02:40:52,1,1,35,Kirill,Kiselev,89851006862
31314,2024-04-04 16:20:19,1,0,23,Andrey,Borisov,89858325320
35185,2024-04-05 01:59:59,0,0,33,Natalia,Kozlov,89853270862
89509,2024-04-05 06:15:42,1,0,37,Sergey,Kozlov,89855473735
87757,2024-04-05 15:02:30,1,1,27,Alexey,Petrov,89855797524
5343,2024-04-05 20:04:56,0,0,22,Irina,Solovyov,89855317165
89286,2024-04-06 06:22:13,0,1,26,Natalia,Zaytsev,89854665346
2894,2024-04-06 15:45:06,0,1,29,Maria,Ilyin,89856548679
36187,2024-04-07 02:34:35,0,0,27,Yulia,Lebedev,89853841172
91486,2024-04-07 04:31:31,1,0,32,Mikhail,Vorobyov,89851135546
6050,2024-04-07 14:27:59,1,0,33,Alexey,Andreev,89859936462
88658,2024-04-07 16:11:50,1,0,48,Mikhail,Sokolov,89859203254
7496,2024-04-08 09:05:04,0,0,21,Maria,Kuznetsov,89856269631
61325,2024-04-08 11:19:25,0,0,27,Olga,Kozlov,89856739676
81179,2024-04-09 10:14:31,1,1,20,Alexey,Semyonov,89855014429
49381,2024-04-09 23:57:33,1,1,35,Mikhail,Ivanov,89851994967
78431,2024-04-10 01:27:51,1,0,33,Mikhail,Makarov,89852931116
2359,2024-04-10 09:41:56,1,0,22,Dmitry,Kozlov,89854008760
13402,2024-04-11 10:14:01,0,0,37,Olga,Stepanov,89852718275
46873,2024-04-11 10:58:45,1,1,19,Dmitry,Zaytsev,89850903734
17378,2024-04-11 17:02:55,1,1,41,Maxim,Baranov,89857755666
40450,2024-04-11 20:28:44,0,0,35,Yulia,Gusev,89854528923
86551,2024-04-12 08:04:38,1,1,41,Alexey,Komarov,89854014422
92076,2024-04-12 11:46:12,0,1,24,Tatiana,Mikhailov,89852921482
35543,2024-04-12 14:47:14,1,1,18,Sergey,Gusev,89858719462
21852,2024-04-12 21:43:58,1,1,37,Dmitry,Fedorov,89856021601
17637,2024-04-14 06:18:29,1,1,30,Maxim,Lebedev,89850764645
24422,2024-04-14 12:29:56,1,1,40,Artem,Titov,89853894582
36022,2024-04-14 18:45:04,1,0,29,Ilya,Belyaev,89857741753
40898,2024-04-15 06:02:16,1,1,34,Mikhail,Bogdanov,89850052156
22592,2024-04-15 06:36:03,0,1,41,Maria,Belov,89853225059
17328,2024-04-15 08:39:37,0,1,28,Tatiana,Sorokin,89853399834
42017,2024-04-15 12:25:43,1,0,29,Ilya,Gerasimov,89857411031
11639,2024-04-15 12:34:57,1,0,29,Alexander,Kuznetsov,89853977367
53255,2024-04-15 13:37:24,1,0,31,Alexey,Komarov,89859995400
4545,2024-04-16 06:03:04,1,0,27,Maxim,Vorobyov,89851148109
56756,2024-04-16 12:32:24,1,1,26,Sergey,Ilyin,89854670669
43583,2024-04-16 13:14:56,1,1,32,Maxim,Mikhailov,89854094251
11914,2024-04-16 13:55:53,0,1,32,Natalia,Gusev,89856678802
75672,2024-04-16 19:31:45,0,1,22,Elena,Popov,89852135935
3030,2024-04-17 07:31:37,0,0,29,Maria,Andreev,89857040517
90756,2024-04-17 16:29:02,1,1,32,Ilya,Semyonov,89857244076
85364,2024-04-18 09:12:14,1,1,36,Maxim,Belov,89854455146
40622,2024-04-18 18:59:08,1,0,34,Alexey,Smirnov,89850403997
27326,2024-04-19 05:53:50,1,0,34,Dmitry,Orlov,89851708996
27775,2024-04-19 16:44:03,1,0,39,Mikhail,Sokolov,89851616654
68415,2024-04-19 16:53:16,1,0,24,Alexander,Vinogradov,89859425981
24251,2024-04-20 07:19:35,1,1,31,Alexander,Kuznetsov,89857783321
85280,2024-04-20 20:49:31,0,1,28,Maria,Kiselev,89853339267
42534,2024-04-20 20:49:35,1,1,31,Alexander,Semyonov,89858237391
7936,2024-04-21 07:36:03,1,0,34,Alexey,Fedorov,89857308738
23351,2024-04-21 09:14:15,1,0,27,Alexander,Grigoryev,89853475873
84619,2024-04-21 13:33:18,1,1,27,Mikhail,Volkov,89854994749
33955,2024-04-21 17:32:06,1,0,39,Sergey,Sokolov,89856330130
40611,2024-04-21 20:44:37,1,0,31,Ilya,Titov,89852625721
32531,2024-04-21 21:36:02,0,0,29,Svetlana,Kuznetsov,89851435469
50907,2024-04-22 05:43:51,1,0,29,Alexey,Volkov,89857591408
95810,2024-04-23 19:21:38,1,0,32,Kirill,Komarov,89851605626
53215,2024-04-24 16:42:29,0,0,30,Irina,Mikhailov,89857646065
71856,2024-04-25 18:04:41,0,1,25,Ekaterina,Gusev,89859121163
19412,2024-04-26 09:42:53,1,1,37,Kirill,Kudryavtsev,89850934570
57436,2024-04-26 14:33:15,1,1,23,Kirill,Volkov,89852189896
12004,2024-04-26 14:34:45,1,0,27,Dmitry,Belov,89858220469
19020,2024-04-26 15:33:23,1,1,27,Andrey,Morozov,89853027253
40264,2024-04-26 16:36:34,0,1,32,Yulia,Vorobyov,89850481779
92777,2024-04-27 05:02:19,0,1,36,Maria,Makarov,89850037655
1768,2024-04-27 05:45:20,1,1,35,Maxim,Vinogradov,89850173815
6389,2024-04-27 11:40:45,0,0,29,Anna,Kiselev,89853734838
55851,2024-04-27 17:41:10,0,1,35,Tatiana,Petrov,89859484386
18737,2024-04-27 18:44:46,0,0,31,Elena,Alekseev,89858901895
56125,2024-04-27 19:21:18,1,1,27,Andrey,Solovyov,89855529240
40072,2024-04-28 09:37:24,0,1,33,Anna,Kuznetsov,89851690864
33596,2024-04-28 15:39:17,0,1,29,Olga,Kovalev,89858643845
95682,2024-04-28 16:47:35,1,0,30,Kirill,Semyonov,89853101755
61932,2024-04-28 18:32:26,0,1,32,Yulia,Volkov,89854828869
15263,2024-04-28 21:03:12,1,0,25,Sergey,Popov,89853638088
30825,2024-04-28 23:45:19,0,0,23,Ekaterina,Popov,89852546853
69352,2024-04-29 15:56:40,1,1,30,Kirill,Volkov,89856073667
46226,2024-04-30 00:17:59,1,0,40,Alexander,Golubev,89852586331
22442,2024-04-30 00:43:22,0,0,25,Olga,Belov,89854863940
64450,2024-04-30 02:45:24,0,1,27,Elena,Gusev,89850633480
38246,2024-04-30 16:52:55,0,1,34,Ekaterina,Kuzmin,89854371122
45103,2024-05-01 00:57:31,0,1,33,Svetlana,Makarov,89855974278
94611,2024-05-01 09:36:26,1,0,28,Andrey,Semyonov,89858695010
64669,2024-05-01 10:22:12,1,0,34,Sergey,Andreev,89858514952
10723,2024-05-01 11:20:07,0,1,23,Anna,Fedorov,89850576057
88854,2024-05-01 12:53:17,0,0,38,Anna,Volkov,89850632675
33151,2024-05-01 16:46:40,1,1,35,Alexey,Kulakov,89855992879
56642,2024-05-02 04:19:43,1,0,35,Mikhail,Semyonov,89850060089
46323,2024-05-02 05:57:23,0,0,23,Elena,Fedorov,89858840011
31156,2024-05-02 08:15:11,0,0,20,Elena,Golubev,89856744152
93664,2024-05-02 09:38:02,0,0,40,Elena,Kudryavtsev,89852311994
79725,2024-05-02 09:56:16,1,0,29,Alexander,Gusev,89852111217
81288,2024-05-02 13:41:50,0,0,35,Natalia,Smirnov,89856715930
47401,2024-05-02 17:38:05,0,0,31,Elena,Kovalev,89854540606
18481,2024-05-02 21:15:20,1,0,18,Maxim,Yakovlev,89858437643
1088,2024-05-03 00:20:10,1,1,30,Alexander,Solovyov,89851317761
68299,2024-05-03 15:23:36,0,1,30,Anna,Baranov,89851282016
74687,2024-05-03 15:47:56,1,0,27,Artem,Novikov,89850606451
68209,2024-05-04 15:44:41,0,1,23,Elena,Kozlov,89859397684
1979,2024-05-04 16:27:31,0,1,29,Olga,Andreev,89859366236
23849,2024-05-04 21:40:59,0,1,36,Olga,Makarov,89857134584
57271,2024-05-05 03:39:25,0,0,35,Svetlana,Ivanov,89857675635
8903,2024-05-05 07:40:54,1,0,31,Artem,Morozov,89852759731
93203,2024-05-05 11:47:29,1,0,20,Artem,Solovyov,89859871584
71817,2024-05-05 13:04:36,1,0,38,Maxim,Kiselev,89854454243
14905,2024-05-05 20:14:41,1,0,24,Alexander,Volkov,89851697505
30947,2024-05-05 22:37:24,1,1,21,Mikhail,Belyaev,89855416481
54205,2024-05-06 07:43:07,1,0,25,Alexander,Kiselev,89859294342
8044,2024-05-06 12:09:39,0,0,31,Anna,Fedorov,89853667445
59005,2024-05-06 12:53:52,1,1,30,Mikhail,Makarov,89850894496
78592,2024-05-06 15:55:32,1,0,28,Andrey,Sergeev,89854886904
91948,2024-05-06 18:17:39,0,0,28,Olga,Bogdanov,89853558418
58322,2024-05-07 05:13:10,0,1,29,Elena,Kuznetsov,89859641740
96693,2024-05-07 10:14:51,1,0,29,Alexander,Golubev,89852365964
71256,2024-05-07 10:58:23,1,1,24,Alexander,Morozov,89854575931
26754,2024-05-07 14:28:52,1,0,28,Alexander,Vinogradov,89855895617
85234,2024-05-07 16:01:27,0,0,25,Irina,Ivanov,89851768785
9143,2024-05-07 16:48:17,0,1,32,Ekaterina,Mikhailov,89856744464
81358,2024-05-07 20:05:22,1,1,27,Andrey,Kozlov,89851712315
1599,2024-05-07 23:36:17,1,0,29,Andrey,Bogdanov,89852360839
49379,2024-05-08 09:56:14,0,0,34,Maria,Volkov,89857751655
46700,2024-05-08 17:53:52,0,0,20,Tatiana,Vasilyev,89857912819
97367,2024-05-08 18:24:23,1,1,28,Dmitry,Tarasov,89855931417
31611,2024-05-08 18:41:32,0,0,30,Yulia,Kulakov,89851118407
73793,2024-05-09 15:37:50,0,0,35,Anna,Gusev,89858778676
88278,2024-05-09 16:07:46,1,0,32,Ilya,Yakovlev,89857449810
89244,2024-05-09 16:53:40,0,1,28,Yulia,Belyaev,89855103649
73204,2024-05-09 22:48:59,1,0,26,Andrey,Belov,89853682732
3849,2024-05-10 02:01:43,0,0,22,Natalia,Semyonov,89857394078
66691,2024-05-10 03:55:13,1,1,19,Maxim,Vinogradov,89856169345
33019,2024-05-10 07:15:40,0,0,26,Natalia,Smirnov,89854688878
44143,2024-05-10 12:54:01,1,1,39,Alexander,Fedorov,89855346381
99218,2024-05-10 15:56:38,0,1,33,Svetlana,Vinogradov,89853840353
18658,2024-05-10 18:28:07,0,0,22,Maria,Solovyov,89850657553
37603,2024-05-10 19:49:08,0,1,26,Maria,Andreev,89856248410
23840,2024-05-10 23:29:08,0,1,34,Elena,Morozov,89858211523
16909,2024-05-11 02:47:27,1,1,25,Alexander,Borisov,89853627888
78110,2024-05-11 04:59:14,0,1,29,Anna,Andreev,89856237200
9968,2024-05-11 18:42:24,1,0,20,Sergey,Novikov,89851979345
22348,2024-05-11 19:07:04,1,0,37,Alexander,Morozov,89858853982
71117,2024-05-11 21:10:41,1,0,24,Sergey,Romanov,89854889502
4019,2024-05-11 22:08:16,0,0,31,Irina,Pavlov,89851945657
95022,2024-05-11 22:29:23,1,0,35,Dmitry,Belyaev,89854207423
82634,2024-05-12 01:13:56,1,0,24,Dmitry,Vorobyov,89859363121
47375,2024-05-12 10:49:58,1,0,23,Dmitry,Belov,89852803105
61862,2024-05-12 11:37:51,1,1,33,Artem,Komarov,89853301724
30770,2024-05-12 15:43:03,0,0,35,Anna,Andreev,89857205106
32913,2024-05-12 16:46:41,1,0,33,Dmitry,Gusev,89855202704
46342,2024-05-12 16:48:11,0,1,33,Irina,Tarasov,89854098218
55041,2024-05-13 02:34:37,1,1,30,Alexey,Semyonov,89853632353
1545,2024-05-13 03:08:10,1,0,20,Kirill,Belyaev,89859936794
56456,2024-05-13 13:37:42,0,1,32,Anna,Solovyov,89855938262
61086,2024-05-13 15:26:57,0,1,30,Tatiana,Ivanov,89850661741
82205,2024-05-13 19:36:21,1,0,18,Andrey,Mikhailov,89853284673
53683,2024-05-13 21:46:50,0,0,27,Svetlana,Sorokin,89852744840
8591,2024-05-14 10:57:59,0,1,29,Tatiana,Lebedev,89857769087
32830,2024-05-15 01:57:27,1,1,37,Maxim,Vinogradov,89853474381
23629,2024-05-15 05:42:25,0,0,27,Tatiana,Morozov,89851372867
71411,2024-05-15 23:17:30,1,0,28,Ilya,Sokolov,89857826424
53821,2024-05-16 00:32:54,1,0,27,Alexey,Kozlov,89856251811
55422,2024-05-16 04:30:41,1,0,30,Artem,Stepanov,89853064808
50220,2024-05-16 09:07:07,0,0,23,Tatiana,Makarov,89853444040
36560,2024-05-16 16:37:23,1,1,28,Maxim,Semyonov,89854102418
90156,2024-05-16 20:25:35,1,0,35,Alexander,Golubev,89850097851
95805,2024-05-16 23:24:00,1,1,34,Alexander,Orlov,89854557099
34154,2024-05-16 23:35:32,0,0,36,Natalia,Mikhailov,89851360823
61752,2024-05-17 08:41:45,0,1,26,Svetlana,Vasilyev,89856463027
59217,2024-05-17 18:02:04,1,1,42,Alexey,Pavlov,89850833026
73326,2024-05-17 18:19:04,1,0,28,Andrey,Stepanov,89851723694
33548,2024-05-17 18:38:44,1,0,28,Mikhail,Pavlov,89851349298
50753,2024-05-17 18:56:26,0,1,22,Natalia,Orlov,89857278435
88652,2024-05-17 19:52:57,0,1,34,Anna,Kudryavtsev,89857998565
63924,2024-05-17 20:32:04,1,1,38,Sergey,Pavlov,89856732864
50151,2024-05-17 21:27:12,1,1,27,Sergey,Kovalev,89856021667
8238,2024-05-18 08:14:26,1,0,29,Artem,Lebedev,89854811707
55714,2024-05-18 08:27:03,1,1,31,Sergey,Sokolov,89853311226
53366,2024-05-18 10:21:20,1,0,27,Artem,Stepanov,89853236270
5491,2024-05-18 14:14:55,1,0,27,Kirill,Smirnov,89850655881
96306,2024-05-18 16:20:31,1,0,31,Andrey,Lebedev,89854007872
59037,2024-05-18 19:21:04,1,0,31,Andrey,Belov,89850826953
75963,2024-05-18 21:53:14,0,1,27,Maria,Pavlov,89854331164
4149,2024-05-18 23:23:45,0,0,33,Svetlana,Alekseev,89855578601
88542,2024-05-19 04:56:54,1,0,39,Alexey,Smirnov,89859052320
7756,2024-05-19 11:08:28,0,0,34,Anna,Morozov,89858211763
79895,2024-05-19 13:43:09,1,0,41,Alexander,Novikov,89853076273
90915,2024-05-19 17:57:33,0,1,35,Yulia,Gusev,89850093225
84471,2024-05-19 19:51:51,0,0,30,Ekaterina,Fedorov,89859104336
5458,2024-05-19 21:47:44,0,0,21,Maria,Vasilyev,89852906720
61355,2024-05-19 23:15:26,1,0,25,Maxim,Baranov,89853587515
22173,2024-05-20 00:31:47,0,1,24,Elena,Popov,89850433880
47564,2024-05-20 06:21:48,0,0,28,Maria,Mikhailov,89851670550
94619,2024-05-20 08:40:44,1,1,24,Sergey,Golubev,89857241221
94286,2024-05-20 15:03:07,0,0,19,Anna,Titov,89853735784
55670,2024-05-20 16:52:38,1,0,32,Mikhail,Novikov,89857496181
67894,2024-05-20 17:37:58,1,1,33,Andrey,Andreev,89856791495
76414,2024-05-20 17:51:27,0,0,30,Maria,Popov,89852582614
53947,2024-05-21 01:05:50,1,1,35,Mikhail,Kuznetsov,89852106200
46841,2024-05-21 02:47:30,1,0,19,Dmitry,Volkov,89855224491
39107,2024-05-21 05:10:01,1,1,25,Dmitry,Belov,89854208495
3327,2024-05-21 13:26:51,1,0,18,Mikhail,Semyonov,89853309457
26492,2024-05-21 14:20:59,0,0,30,Natalia,Vasilyev,89857326862
18251,2024-05-21 16:39:23,1,1,21,Andrey,Sorokin,89850250035
4961,2024-05-21 18:07:51,0,0,35,Irina,Popov,89852184597
69778,2024-05-22 08:50:05,0,1,18,Elena,Morozov,89855916912
30423,2024-05-22 09:19:53,0,0,28,Maria,Vinogradov,89850174155
50195,2024-05-22 09:46:33,1,1,21,Sergey,Pavlov,89853250247
32444,2024-05-22 11:42:31,0,1,31,Elena,Makarov,89850548335
78870,2024-05-22 19:03:18,1,0,29,Alexey,Solovyov,89852454746
20681,2024-05-22 20:40:28,0,0,23,Elena,Baranov,89855496592
61187,2024-05-23 13:50:34,1,0,26,Alexander,Vasilyev,89858305078
40508,2024-05-23 21:54:30,1,1,27,Dmitry,Kozlov,89853022443
38720,2024-05-24 05:54:17,1,1,25,Andrey,Petrov,89856151139
13245,2024-05-24 09:14:50,0,1,22,Tatiana,Belyaev,89855376321
60295,2024-05-24 13:06:50,1,0,43,Andrey,Semyonov,89858590904
77734,2024-05-24 13:58:53,1,1,31,Alexey,Smirnov,89856496445
13849,2024-05-24 14:49:41,1,0,28,Alexander,Pavlov,89853845114
3825,2024-05-24 17:19:21,0,0,33,Anna,Vasilyev,89859928222
15720,2024-05-24 19:38:30,1,1,23,Maxim,Ilyin,89857549678
62743,2024-05-24 19:40:57,1,0,45,Alexey,Zaytsev,89850710756
65921,2024-05-24 23:04:06,1,0,31,Artem,Ivanov,89852278033
87152,2024-05-24 23:46:55,1,0,42,Sergey,Volkov,89853649115
37100,2024-05-25 00:06:13,1,1,38,Alexander,Komarov,89858372409
38614,2024-05-25 00:25:58,1,0,34,Dmitry,Popov,89853733135
79159,2024-05-25 09:18:53,1,0,26,Ilya,Fedorov,89852986499
13229,2024-05-25 09:49:38,1,0,31,Dmitry,Sokolov,89850224966
70473,2024-05-25 10:15:41,0,0,28,Yulia,Sergeev,89855503384
73514,2024-05-25 11:19:25,0,0,24,Irina,Kozlov,89851237983
38206,2024-05-25 17:04:26,1,0,27,Andrey,Kozlov,89854864808
61242,2024-05-25 20:33:30,1,0,21,Artem,Belyaev,89859864775
29589,2024-05-25 23:50:02,1,0,22,Sergey,Kuzmin,89856379528
3341,2024-05-26 13:10:04,0,0,28,Maria,Belyaev,89857134601
73026,2024-05-26 16:30:18,1,1,24,Alexey,Belov,89853282176
33035,2024-05-26 17:32:26,0,1,25,Olga,Alekseev,89854393943
89871,2024-05-26 21:05:57,1,0,31,Kirill,Morozov,89854421761
34750,2024-05-27 01:07:04,1,0,30,Maxim,Tarasov,89857375822
4933,2024-05-27 01:22:15,0,0,45,Ekaterina,Komarov,89857646909
24165,2024-05-27 03:39:36,1,0,31,Mikhail,Pavlov,89856586703
44066,2024-05-27 04:18:59,0,0,27,Svetlana,Kozlov,89851032337
86767,2024-05-27 08:50:59,0,1,29,Maria,Kudryavtsev,89856172717
52639,2024-05-27 09:23:43,0,0,26,Anna,Novikov,89853746143
603,2024-05-27 12:31:53,1,1,31,Mikhail,Gusev,89851051817
44367,2024-05-27 22:20:56,1,0,29,Kirill,Makarov,89859713172
42665,2024-05-28 07:57:49,1,0,37,Kirill,Vorobyov,89858247748
33385,2024-05-28 08:32:23,0,0,44,Tatiana,Sokolov,89852331107
27342,2024-05-28 12:04:38,1,1,37,Alexey,Zakharchenko,89857780386
75320,2024-05-28 20:20:21,1,1,26,Sergey,Vasilyev,89854444676
85640,2024-05-28 22:01:07,0,0,32,Elena,Morozov,89857445444
34197,2024-05-28 23:09:42,1,1,26,Alexey,Solovyov,89853033956
60242,2024-05-29 01:17:04,0,0,26,Maria,Volkov,89852271072
12359,2024-05-29 16:28:21,0,0,26,Natalia,Vorobyov,89859313800
9298,2024-05-29 17:52:21,0,0,35,Ekaterina,Borisov,89856603469
2720,2024-05-29 19:37:43,1,0,29,Dmitry,Alekseev,89859039172
76706,2024-05-29 20:47:05,1,0,23,Kirill,Solovyov,89854597025
18268,2024-05-29 21:06:50,0,0,27,Svetlana,Zaytsev,89857112611
36522,2024-05-29 22:09:18,0,1,36,Natalia,Golubev,89856839953
78107,2024-05-29 22:22:31,0,0,35,Irina,Ivanov,89852878555
90753,2024-05-30 03:40:21,0,0,30,Anna,Sokolov,89856082268
20712,2024-05-30 08:50:04,0,1,29,Elena,Mikhailov,89859102047
78746,2024-05-30 11:14:25,1,0,22,Kirill,Kozlov,89851749123
88091,2024-05-30 13:13:35,1,1,34,Alexander,Kuzmin,89857062773
36133,2024-05-30 14:33:37,0,1,29,Yulia,Popov,89856339632
22788,2024-05-30 16:08:34,1,1,25,Kirill,Komarov,89854194349
61983,2024-05-30 20:51:38,1,0,44,Kirill,Lebedev,89855031881
14333,2024-05-31 00:17:09,1,1,23,Sergey,Fedorov,89859858680
34006,2024-05-31 02:13:32,0,0,33,Elena,Andreev,89858571949
63198,2024-05-31 05:21:17,1,1,26,Kirill,Belyaev,89853869127
67804,2024-05-31 08:44:26,0,1,31,Natalia,Fedorov,89856514838
46672,2024-05-31 09:23:58,0,1,24,Olga,Tarasov,89850773275
29094,2024-05-31 13:02:19,1,0,25,Ilya,Sokolov,89859620157
85626,2024-05-31 13:09:03,0,1,29,Maria,Belyaev,89855322191
41310,2024-05-31 13:34:14,1,0,26,Kirill,Semyonov,89859910254
96343,2024-05-31 15:39:33,0,0,34,Olga,Sokolov,89851981259
68499,2024-05-31 19:36:20,1,1,28,Mikhail,Kiselev,89850737422
